2.636770672021365,0.3205119268283452,0.054320483224417473,0.4489713049920398,0,0.0027775964889630916,0,0
0.3438837536951713,0.04632909760141025,0.007510595598534424,5.107888092073081e-4,0,0.2724145356186381,0.0038406124807830637,0.23205560114845145
2.734699834705827,0.440379331240676,0.18991427312303202,0.007820950362809357,0,0.0011702051306543542,0.02852510179603365,0.013857525159723891
1.6991560491783537,5.734476251345827e-4,0.14920431185457325,0.0015568885704601505,0,0.004994416764984368,0.007609042364720495,4.7390781691012296e-4
2.9233574710313563,0.04572867077772297,0.2628104942111107,0.009012487113428745,1.8266580193293048e-4,9.833872556713865e-4,2.3049231052717245e-4,0.023327794287203545
1.1636294879141438,0.22567897678472623,0.297230651459003,2.53899063978319,3.925833249448973e-4,0.004755341325650751,0,0.10508471634531989
1.7020533336108494,0.9193558316944608,0.035739687854631275,0,0,8.410807786865275e-4,3.9427529877249733e-4,0
2.132211546246927,1.3157758859363375,0.006603198572362689,0,0,5.466627852766487e-4,0,4.14971804472188e-4
0.010918933340414938,1.9465665927514444,0.47139933507538945,0.8000409949891688,0,0.034528586089810555,0.04570176493382227,0.001541803236298787
0.7538000256750792,1.0639093077928676,0.03933596060846889,2.509599058903345,0,0,0,0
1.8180020449485799,0.8296629872464752,0.616620451098284,0,0,0.023458175172896653,0,0
1.32380902251888,0.003613485463686055,0.045184947206232215,0.20185054564814414,0,0,0,1.198233538086276
1.9879631692749944,0.004726883635937083,0.005821330485001072,0.005190360908344827,0,0,0.044172553433628366,0.002604256554577117
0.880591139126345,2.360452142432359,0.13478570459187902,0.5557477407854186,0,0.006597134266270916,0,4.006308509820102e-4
1.0150914586904531,3.059964703534879,0.014103755821212349,0.0042171006129401644,0,0,0.0010569436235894844,0.03337518275892511
0.01705576276836747,2.471723284627027,2.753648847511394,0.3637831402214001,0,0.04775658215806546,0,0
1.5842002833411706,2.0000869845495477,0.5001463563442675,2.4886874011418735e-4,0,0.018462025223391708,0,0.001136312934295249
2.12381725807342,0.5126968004891361,0.07502778035148255,1.0276603645829485,0,0,0,0.25795445078269347
1.512759429279826,2.045270515745236,0.29194815169586774,0.18647205663235614,0,0.0028709067208292386,0,0
2.219907103712598,0.008533918379625043,0.5489532742187992,0.06599165526713205,2.7751029120007134e-4,7.46992816378422e-4,0,0.007229790114556476
2.263583607687132,0.4403807601858779,0.05966281289702823,0.9272489219130021,0,0,0,0.22206439948191825
1.694802658330319,0.0474941990811677,0.5023337159114367,0,0,0.016782879949022427,0,0
0.9764832785326669,2.2406369812985574,0.24057482586278256,6.800530439560992e-5,0,0.017179898778576033,0,0
1.6438375680459394,1.4713064863416228,0.8812083327182871,0.20863746641372452,0,0.0051225970062308245,0,0.009643639156844188
0.31977187197333395,0.009049373818992259,0.0070675369593882365,2.299299709585976,3.289896317410106e-4,0.0017711263284022978,0,0.3522491143698762
1.7303866821954381,0.054207607935386794,1.660249721988494,0,0,0.027410708323996617,0,0
2.6031692723527042,0.1781662466069147,0.45117440847964796,0.0013073367773583954,5.564413101919405e-4,0.035947437594657676,3.510658314302287e-4,0.024729483030410566
0.09637630778143609,0.01740761489028149,5.484464940090041,0.016266581816016475,0,0.0784498018871791,0.00661125165267892,6.691152437228347e-4
9.95897284390349e-4,1.7724523455325163,2.0247502223087244,0.01426375632013194,0,0.006020708043542139,0.003135934043757131,0.27320359741483546
2.0879676793084334,0.7950307467722597,0.6402988702250362,2.2410226839602814e-4,0,0.03864132150024855,0,2.2738475271607221e-4
0.31342476993635515,2.7016690493454463,0.009542665287374071,3.7611806262347644e-4,0,0.0015082087385876056,0,1.284938654092646
2.6857862993919643,0.3129944230180349,0.06103379148801392,1.7611771959254952e-4,1.7490882592950663e-4,0.0014124409865181797,0,7.147894468912958e-4
0.6483569718692247,1.7669213106980222,0.21963749470586524,6.1012710944798696e-5,0,0.004403825376160449,0,0
2.3086769297733807,0.0021063413449502228,0.2604118608817547,4.732665043966177e-4,1.1750448624261535e-4,0.024196537055602315,0.4654199094102027,0.04273767203639317
1.3577163333758202,1.672859027947806,0.06808397640117933,8.32088831588755e-5,2.4791318148841343e-4,0.0013346486348778494,6.256461954754677e-4,0
0.05366793044416668,2.258479610070143,2.9883243022700685,0,0,0.07356397455016511,0,0
2.1994984268599747,0.6688689460013945,0.1001315850537331,0,0,0.0013775087597121523,0,0
2.45213696021828,0.1918948305604684,0.013408479689426604,7.38203602958972e-5,0,0,0,0
8.10386766366659e-5,3.1076720224193206,2.1159653820042137,0,0,0.05078839568182754,0,0
2.3588603143106286,0.0030473467248489476,0.1377853349933523,4.512780476476222e-4,2.240902098449176e-4,6.031984480683776e-4,0,4.578880348020836e-4
0.6299765750421011,0.0774981279353317,0.030971935144075438,3.817486326950438,0,0,0,7.414865285223253e-4
1.7954327597769721,1.2733347391830583,0.0021744898029980877,2.9008227914247616e-4,0,0.001163210895165298,0,0.0020603183291074143
0.8208382450464756,0.716819163074395,0.008203563675303527,2.891074868224252,0,2.881255696286905e-4,0,0.14019706129534806
3.0461163704854917,0.007253834903167621,0.4078415758803547,0.0016880474456227245,2.794100800970397e-4,0.009025279246558817,0,2.854621194028659e-4
2.769009354565038,0.0010001524619542982,0.2883561432039092,2.555648029849237e-4,0,0.005380189929874484,0,3.8896219087103525e-4
2.2033306728265156,0.019886058407384614,1.2883456057263247,0.44558999546634576,0,0.030190258727708003,0,0.031963784015072966
2.0610753134164668,0.15108644932641757,0.1740377066794393,0,0,0.0020306801816747182,6.346176297846349e-4,0
1.244333070095575,0.28086127073172834,0.8556056702992921,7.824809710801321e-5,0,0.003765236788033723,0,0
2.399816721059623,0.2976867483514144,0.509695902857597,0.00419848436584278,0,0.026456016199281226,0.5220049425427352,0.06344328340604713
1.976523620123963,1.4052804917361967,0.00945495225414873,0.004548374176183862,0,0,0.9745320545330242,0.14833913779037658
0.5073989793639284,2.9370303839378975,0.8174271044022026,0,0,0.04150964829943045,7.20687767978786e-4,0
2.9208622714464685,0.36180031047991784,0.033118816307919956,0.05403897299098063,3.680094366293173e-4,0,2.3218178894711514e-4,0.005451717878995744
2.070510000135731,0.3498990802046036,0.10399739791124128,7.989174183277775e-4,0,0.001601803198877525,0.280829431138132,0.03434999580077475
1.0858289240105907,0.17122625888719775,0.03393054232060536,2.308099540528239,0,0,0,0.02837480775205967
2.20764732983774,0.2794528980156479,0.09513243962238355,0.8569515650440447,0,3.5396781171061507e-4,6.637210991124762e-4,0.0016121821222158843
1.5019635557820512,0.06424282191737543,0.009300691508267787,1.3322245267469004,0,5.133211194737013e-4,1.1285578782509766,0.5993003725928711
0.15977435643490565,0.33268091514057613,0.03237285989470661,3.8602424098636985,0,0,0.14761314248897964,0.04213214092077292
1.7098845822821118,1.4175721711980587,0.059013050203031166,0.49319536670829406,0,0,3.7832357498569097e-4,0.3170377499871722
1.6596158031333106,0.4479404821405303,0.015095167491863104,0.17408164389266784,0,0.003543431286157362,0.049831863874404594,0.47340818534200996
1.5805270803387497,1.2569218579069033,0.07209760337272361,0.08687310663431679,0,0,0,0.0364001906304432
1.0248760500726548,0.0653036252934317,6.662239734313526e-4,2.9711598932705483,1.6392230913622827e-4,0,0.038058799041257786,0.9879224973438393
1.700566432720437,1.6116126435002665,1.074485553261988,0.013336579497017286,0,0.00315908571781789,0,0
0.9070565972326673,0.03332083607753008,1.6555534844257607,0.0020989514431629342,0,0.00976332268699743,0,0
0.975830211780591,2.4666580481910247,0.2367595800098494,0.005768823622358803,0,0.002313260399653319,0,8.779981627726848e-4
1.5055232085563677,0.5832016440202604,0.1422785933033632,0.002684084766974798,0,0.0015375719575257002,3.6038550535203763e-4,0.0035015133290848283
2.1257539806945407,1.0005717294634964,0.3805721339550517,0.05747604463492884,0,0.007161657688924911,0,0
1.2201138300380612,0.04208373951695415,0.004148876916791509,1.8869854742065053,5.954772195624778e-4,0,5.009254377881019e-4,0.03771926812300556
2.298704348874686e-4,5.318679995100536e-5,0.07283988167914138,5.776005850482822e-5,0,0,0,0
1.1003409213714204e-4,0.0012220507607225567,6.63188590943728,0,0,0.21087230561918843,0,0
1.4058268144731876,2.2971771000849097,0.15388209158715946,0.19683620058268406,0,0.008859885584346106,0,0
1.5656385077363586,2.0697646636682,0.012301694172276374,0.09926385319162341,0,0,0,0.15511437957291346
0,1.851967854346348e-4,7.242515418124936,6.033627049266625e-4,0,0.008871297729733937,0,0
1.2280873692920429,2.180558590453079,1.112951745880399,7.929812837089399e-4,0,0.06190016287952387,0.0013912296903922652,0
0.6194575385833105,1.976965626494673,0.43636538592771434,1.059408007406477,0,0.029387708705919904,0,0.05563283048264375
0.4709118453117417,2.4849395213084198,0.14752951381257096,1.102779539824174,0,8.165737629905331e-4,0,0
1.4793932382337153e-4,2.0537880545445325e-4,3.3212053126407977,0.6381124888988906,0,0.01878174517399255,0,0.004752408551123068
0.520600117115593,0.3871863024909776,1.7679573348396296,0.3125831712162022,0,0.0017123469879433586,0.010702675848850554,0.10225430515932299
4.3586824692703964e-4,4.577259549227042,0.010761235938370696,1.7523454344341302e-4,0,0,0,0
1.356425728748234,0.0010052866428670235,0.3910113007900597,2.1353686978746858,0,0.004568086757163774,0,0
0.018375376564325197,2.237707876909923e-4,1.834534885175134,3.827677024626409,0,0.01071906985947404,0,0
2.4980445950399313,0.00714680766522034,0.04126070317203292,0.12134168754267237,0,0.002277248989896313,0.0014233480677450635,0.04725004160868187
0.971537945687158,1.9702996016288465,0.10958046378280595,1.131589541341513,0,0.001399521866227966,0,0.38511175824912197
2.4957986970099384,0.0012786404678312088,0.29669481721676416,0,0,1.7961714006195585e-4,3.3679809767229687e-4,5.453895947054323e-4
1.175013812986841,0,3.6267728310645357,0,0,0.28897493508586214,0,0
1.9680525256747439,6.341152275724137e-4,3.0769357007667546,0,0,0.04299893171619057,0,0
1.9456050498416375,1.2454717313940957e-4,0.5658324873340861,0,0,0.09491458408887467,0,0
1.6514090788695968,1.391705593206147e-4,0.9033679748371372,0,0,0.023938971839625355,0,0
0.19116559949012232,0.3010618901620524,0.4322046582889512,0.005207806763618844,0,0.024957687755885208,0,0.025904913661596717
0,3.871208780239372,0.3031020758365527,2.2406193321453138e-4,0,0.01796947284593908,0,0
0.23715092889759354,1.6357608572805338,0.015969643574225707,2.7573166565912017,0,6.135657186674572e-4,0,0.11581844743550529
1.6018688315052102e-4,0,1.4237586430040372,0,0,0.0232418777551666,0,0
3.2502847230337433,0.023340968303576758,0.0776389148359253,9.085282351000284e-5,0,0,0,0
0,1.6788818412167064,1.393363174333216,2.2505664279708655,0,0.0010956202044668042,0,0.15136675479405837
0.002461085058982097,3.6224468560294283,0.06708905738188493,0.01625514746996049,0,0.004251004838322572,0,0.13203556398329147
0.0015324944524417665,3.510811304027727,0.03581102543062018,9.241759439802056e-5,0,0.002223530917363171,0.001042329511015958,2.8131377695390534e-4
1.5654037253701383,0.041005329073156356,0.07401889225364609,0,0,0.00659921711281402,7.278893215528188e-4,0.011492306019403585
0,3.3286499206483575,1.5142298784926318,2.741440433692879e-4,0,0.19237743281332928,0,0
2.1065938220407083e-4,3.411925895212533e-4,0.36526110480858925,0,0,0.09063385458820283,0,0
0.0022208590755260697,4.082955904331268,0.12246007270374024,0.42690077521306113,0,0,0,0
1.3756086569633097,0,3.1433988011589498,1.0383585794811381e-4,3.09369347589303e-4,0.07661299511341607,0,3.1607030644868994e-4
0.6228540675983216,1.4957543358692058,0.5386583345952761,0.8897953298890361,0,0.002632670601688626,0.06629002611826991,3.3385712781987524
9.284049200811201e-5,0.0012888709271913997,7.690025206672403,0,0,0.10551842552745139,0,0
0,0,0.254759131986968,3.2437801340895747,0,2.7921746013182924e-4,0,0
0,3.69627685146799,0.364735483047929,0,0,0,0,0
0,0.010285363464753021,3.7302093948600397,0,0,0,0,8.559069018249966
0,0,0.5883017331846018,0,0,0,0,0
0.0033394198664053834,4.275681764032038,0.5318720013490669,0,0,7.824999892783667e-4,0,0
1.2203920099912772e-4,3.297743197248764,2.3214061660803362,0,0,0,0,0
1.840969206176319,3.7755303407448676e-4,0.08458126856377869,2.0500843589862884e-4,3.0540184921452917e-4,0.002466211106824863,7.707274938148972e-4,0
1.0696617863838296,3.0218807575003868,0.031241954926791868,0.00473921852041372,0,0.001198447620959217,0.0011235978892652652,0
2.079190522251773,1.4188844249511259,0.009680544435037618,0.011611913845757842,0,0.004488001174704578,0.04838855568267803,0.026403028466139667
2.4011516667318724,7.905872066650213e-5,0.21899409331857522,0,0,0.017902519337106827,1.613885312638857e-4,0
3.8536806506788703e-4,6.687406601779487e-5,0.10942428730874341,0,0,0.004368275433831821,0,0
0.0016176672259510295,5.909865326119225e-5,7.892780945474697,0,0,0.06588379014474488,2.4128507947229492e-4,0
5.338153232971543e-4,4.940509870246874e-4,0.3168022922369402,2.682659413726832e-4,0,7.171525419820962e-4,0,8.165859075559409e-4
2.4626865498965813,0.6977686227534493,0.6444722453511977,0.0011278146723164232,0,0.03316472715461397,0,0.0013350564123156456
0.07995119196386885,0.7889845694177005,0.001994287031619235,1.8908055006404694,0,5.13651238010174e-4,0.33180231987036773,0.03158293144261777
7.019740802483646e-4,0.00511625726183536,0.45274642439809304,0,0,6.365688094877158e-4,0,0
1.1847032205314274e-4,5.756382014389221e-4,3.907262442110523,0,0,0.29006652492673973,0,0
1.7950228572354582e-4,4.076926304945566,0.024343508054954697,3.8660520828556585e-5,0,7.75130752100414e-4,0,0
0.08163530497683004,0.11592869422709974,0.010246811776026944,0.010154484613320228,0,0,0.22339853876178148,6.999034583006084
1.9220076514719695,1.7180848615509885,0.003908477126901936,0.18080863963650018,0,0,6.370651948574798e-4,0.01581822227023277
0.0013632444103593305,4.481369403544943,0.0025857162438654756,9.342149269745499e-4,0,0,0,5.687391698642969e-4
2.434116570912431e-4,0.3541960482382023,0.019679447571759098,0.5973750331943921,0,2.452579773556164e-4,0,1.2987593697670987
6.314981776551011e-4,0.0017533720990683518,7.9807359557057564,0.0033322371613515814,0,0.006681026126134149,0,0.005071567961013987
0.8351471345137562,0.002321517478932282,1.1460970356344462,2.100943992472943e-4,0,8.424647480711139e-4,3.949240651650095e-4,0
1.4082127551006383,2.366040298196306,0.31629855851575917,2.08727190575403e-4,0,0,0,1.5883835409321654e-4
2.1174262543010363,4.1735650212316235e-4,0.16817921557676477,1.1331070868246815e-4,0,0.04407374477680627,0,0
1.34126865514142,1.7543479342926152,0.7244721263746005,0.5098673991195655,6.704882242020102e-4,0.006015991752706307,2.820129773284467e-4,0.011645187677664459
0.004402683742576103,0.006747743375734524,2.6523098939842473,4.7790958820408114e-4,0,0.016395747517284755,0.003393761160621574,1.6163655149083842e-4
1.674100085740178,1.5934471829862202,0.6629689785474517,0.14440755998317473,0,6.189896686581058e-4,0,0.18607056050210444
0.5835646474180064,0.12825695989306893,2.2500880917450563,4.382791511547445e-4,0,0.040421824321167144,6.590827158504768e-4,2.668192440510733e-4
1.9561692725412931,2.5160706818350105e-4,0.06065968546942364,2.7324146201491143e-4,0,0.0014609070988006662,0,4.182775715602086
1.824442855924462,0.7165708439682916,0.0023989629267297174,0.2971684346783218,0,0,0,0.04281600162083905
2.440247148153115,0.10888218734043731,0.9621405469584122,0,3.9988454308489296e-4,0.07373310468768572,0,0
1.8295696915192627,1.4537303726226913,1.0128623579158866,0,0,0.0022160147854790877,0,0
2.3269064676422064,0.0010295147724228844,4.8351553634925056e-4,0.8549259599764141,0,0,1.3758646052253596,0.0969923647174766
0.0034789614060920316,4.563779880956561,0.00878964151377126,4.097655077895151e-4,0,0,6.162039947011058e-4,4.989209399467874e-4
0.13394293212769398,0.1455339635049243,1.2656467921367853,4.6690599191371267e-4,0,0.04540236258700253,8.776645785755718e-4,0.008172099277290849
2.2699495345638385,0.012401765957278646,0.02646003790141935,2.8860278218150836e-4,2.86621777230258e-4,3.8575940316076476e-4,3.61666578977183e-4,0.024012061831389372
2.8874748711403027,0.4630444417600695,0.021705024295463466,0.03136795498775104,7.897852772420876e-4,3.543195497543697e-4,0.15480068893326052,0.018827481734073927
1.6409488804575398,0.43663958978937534,0.01674912763925647,0.1559097050759626,0,0,0.019600263975139268,0.0060456059293743985
0.6357663787351405,2.8364569213576365,0.8961046115385893,0.00890105093693677,0,0.022073073750291713,0.03478435099890253,0.006773570212033166
0.0014691329262090124,0.004079088069901603,0.6416319851436983,3.4075598540774606e-4,0,0.03825945565424598,0,2.593103453381926e-4
1.7586023953006469,0.006785992876233765,0.014744986598133222,1.2604483698049915,0.002645385666421663,0.00747679765266761,0.001335205710180764,0.0013513424403164393
1.5489260482331575,2.088322510725539,0.08821646052813463,0,0,0.005744110875786062,0,0
2.0881849220498148,0.08004646523938569,0.09155080906650637,1.5317929136704028e-4,0.0018255341987194061,3.071194510029455e-4,0,0
1.5263848713786707e-4,0.01511571050377858,0.9762327893690671,0,0,0.04921480861767825,0,0
9.360350687753196e-5,2.7535958259341013,2.4656040232461662,0,0,0.012590853044764694,0,0
0.008551825380753195,0,2.250852097307175,0.09610439639368572,0,0.21726752208102967,0,0.24582670578502552
2.6925367798603688,9.474321157460427e-5,0.17487128580281774,0.34663537095825325,0,6.188713626797375e-4,0,0
0.9466371169879311,1.367710415125559,0.1450293394862615,0.00333419811605456,0,0.0019376689205635618,0,0
1.7205607622400008,0.8500764969536853,1.1063859507158593,0.005379507059017104,0,0.05908707037405697,0,0.0028478097916492954
1.7960268318002135e-4,3.343843761883436,0.019204655167384517,8.123250250831558e-4,0,0.002171580013747418,0,0.06346519882741217
0.3362493256548893,3.543492673743035,0.9989388032190695,0.0064751776840409414,0,0,0,4.284796499237703e-4
2.862024744613806,0.1365405385632181,0.7864281641108984,0.0029014810988541207,0,0.019289188669401262,0,0.011388553624672096
2.8708662967739986,0.0012156702655178923,0.08574543399946337,0.1730661500655954,0,0.0019250593614275734,0,0.05114595001801572
0.8895481262878588,2.863098609631552,0.7674154168084278,0.02073259280000312,0,0.008000567900760806,0,0
2.6990855647377696,0.07888435883055606,0.015825173179590025,0,0,1.2749096747080364,0.17837456487844267,0.06749238265905753
2.8913890162818117,0.24539541188960096,0.019549412378767034,0.04101241044675565,0,1.135753269234259e-4,0.03726867021987334,0.15492844153374616
0.8140747347731913,0.04295410540657769,0.002864884161272919,4.1403113027020416e-4,0,5.534125502732049e-4,1.0807621605636843,0.1461932521378724
3.1624903880518587,0.02006202474243321,0.020753487247939434,0.01281591456256619,0,1.4275271116136794e-4,0,9.752724451977493e-4
2.8491007740217436,0.38793806453876933,0.008956718058030584,0.010355350910747501,0,1.1222777652108242e-4,0,0.015419774161035857
2.070295177167655,0.9020497177182515,0.3052804242298829,9.570264942889876e-5,0,0.00268632938863674,1.419204700056338,0.23013750164193164
2.3163330119851886,0.752809610472938,0.014936912735510538,0.010471858437318729,0,0,0.42304261635052776,0.38194950586671783
2.433996656482826,0.7930396506715862,0.10364795123419271,0.0014780168329347615,0,4.559038820587128e-4,4.2743014432204544e-4,0.05883304020112959
1.849535038297021,1.2388053572636362,0.01733634818129639,0.004399792450886222,0,1.4002284823185702e-4,0,0.046980783618125785
0.9311583164211811,2.913373068626301,0.008583252138692713,1.2722521237005287e-4,0,1.7005491637986616e-4,0.4358926634566836,0.04272836407151881
1.8383250932493849,1.2996547853823532,0.014421015738679235,0.002260735442374324,0,0,0,0.01118251398948379
1.3611242138955877,0.855743417522971,0.00688555276592712,1.168242058526281,0,1.9347096635258856,0.013895339683300551,0.2157810893326975
0.529814068419166,0.26997915402610645,6.065015896152047e-4,1.5395933529077104,0,0,0,0.05816352361865899
0.47637080229176,3.4220256453180773,0.01648749826131392,0.2511711629897673,0,0,0,0.10410172821563947
2.0787753862228224,0.8824909273174373,0.007898404466416995,0.0026520429537401596,0,0,0,3.328933754143386e-4
2.6402743200948846,0.43284437580094165,0.196743283048823,0.0034917973279557446,4.95404171733621e-4,0.003333780486920028,6.251134639291074e-4,7.592019842751502e-4
1.2576147437009586,2.5743328296276795,0.09640171016184762,0,0,0.0025049082333714694,0,0
2.077206058449797,0.9369997482186201,0.00739419478546512,0.0024791614016257857,0,0,0,6.071834576804693e-4
3.0662924932415607,0.15149934499984685,0.07946347561062651,7.571873405473749e-4,0,4.3375307506822767e-4,0,2.195080173789807e-4
1.12224783663066,2.7214773071718197,0.13523017661977746,7.093783696734495e-5,0,0.005404665312863164,0,0
1.7892288922989925,0.6324724042460899,0.2467645171640481,0,0,5.330969197567147e-4,0,0
2.5802430188305694,0.20206271359225278,0.4504680887515844,0,0,0.0011425989409888516,0.16639885602521404,5.782313546856915e-4
2.3920478354978756,1.0508955953716457,0.04599668407040723,0.003985823636998575,0,2.1030119882891167e-4,0,0.009259100999821964
2.078931055726021,0.25210804632717115,0.02019068525993152,0.06888496588224034,1.0667172195534011e-4,5.7427066698516e-4,5.384042639886383e-4,6.538934275917822e-4
1.8711630540574102,0.35544486874623316,0.011518056130492954,1.0979230571785976,0,7.026172006899436e-4,6.587348415150761e-4,0.14720648376194556
1.217681043565078,1.8225631193606133,0.24287611258619132,4.757058005065674e-4,0,5.450140084179246e-4,0,0
2.414125364518622,0.6667132213611408,0.0417315690873552,0,0,0,0,1.9375270181965428e-4
2.2629334940653245,0.9867723460230408,0.21014920654068003,0.022378352942966903,0,0.0016435114677603425,0,0.021209026739831383
0.5576995731361822,0.4562173343045237,0.18305774963001195,2.8664414475649074,0,0.004904284660466633,0.3067512687674383,0.017018711958235854
2.13047621345807,0.015989955191509794,0.00359748186510779,0.7449208256705051,0.004027428295201486,0.25434408148235665,0.9788541417525201,0.870409403916281
1.9751530068265468,0.5833103967766252,0.0680138763163248,0,0,0.0650537619488171,1.1085973375726785,0.009876464142311511
0.4065456588767344,1.289402890394994,0.010554648913088991,1.54724402491005,0,0.001439189738285493,0.005059891199799164,2.976759816699384
2.0519660686449073,0.5082478873027443,0.33571736524915086,8.576351850581458e-4,0,0.0014738831946269348,0.5601021558594741,0.19504848468852976
2.795621769418407,0.002132572014509331,1.0439819071112901,3.9930015185673186e-5,2.379355839366293e-4,0.008806420669669007,0.019365035839777927,0.002066258906660471
2.582956811399639,0.0666435545881133,0.015649699695448438,2.0797094843108758e-4,0,0.1688748445652273,0.4550454502604825,0.139587846778448
1.978811327055167,0.1730869133624601,0.12753946130961344,0,0.00042653354894611203,0.5930084123818806,1.7960093632928025,0.5233625221194291
0.008092689186773598,2.600434945955506,0.0419871551696666,0.00467265014623808,0,2.6023639336375434e-4,0,9.877274313527724e-4
2.2246847672011945,0.2018863141117052,0.03283973186673705,8.375251660220091e-4,0,4.386097736370656,0.018192308801586267,0.03824066769140731
1.1981989824074302,0.16800319536264258,0.10370153383609998,0,0,0.010853528317456217,0.036933895178057716,0.001830870003750936
0.32092953709373945,3.1243536141515764,0.012362300875586074,0,0,0,2.2021886460277083e-4,1.7830426914860044e-4
1.62969874557192,2.1106821715816393,0.17670877965020376,3.825892714599433e-5,0,0,1.4383411544030108e-4,0
2.70153599139068,0.16873165787481398,0.5013083094211744,0.1385309889496924,0.09412874517692812,0.028024542143843804,0.09753866648598605,0.03730136417539523
1.965276075405264,0.3037586443912132,0.008620024469035674,0.006976256744985133,0,0,0,0.0025280142126243997
2.584833478650637,0.2239428030348148,0.011503580253739544,0.2792982651902127,0,0.004655950407853366,0.2301630008985655,0.05976235244485273
1.9274548529428233,0.38121106938180127,0.0026145496804994574,1.0415001578460548,0,0.0011019385903483626,0.014463629395118085,0
2.325830906486629,0.28428865981510415,0.02122658982476704,0.009723879531239972,0.0075877478502379934,0.7552402007244982,2.0706840622912086,0.3269976275734036
2.1401211702033724,0.747925466028459,0.007454653745360377,0.656539915153233,0,0,0.010800683941738679,0.012631627873245545
2.271893852155684,1.2615595599949767,0.0157262877268352,4.835643648772283e-4,0,3.878122713332719e-4,7.271824681874202e-4,0
0.25855043396756805,0.039165955056045795,1.198334856907384e-4,4.132828296096524,0,0.12194553289919585,0.24949321636067268,0.02677960557070209
3.025695610539866,0.07888827129071184,0.009209816357476945,1.2192333981864302e-4,2.4217288607210956e-4,1.6296819609391966e-4,0.004583697725611169,8.659642792276974e-4
1.3266589180396533,0.34948012221603164,0.0017391753246889575,8.378148235483715e-5,0,0.37392152546465135,0.024568110809444297,0.05763586575633991
1.815276734889376,0.16049147202904548,0.27186841339873186,0,2.967341980277734e-4,0,0,0
1.942775130903947,0.2944456182504198,0.3241388693097779,0,0,8.167073592542642e-4,0,0
2.293203421448491,0.36419159671989476,7.201851424576408e-4,0.644550785190024,0,0,0.03192929765607198,0.6260274398309784
2.2209655891756666,0.2216344155818202,0.03628390918585559,0.04512967793165531,0,0.0014712767942827586,4.059996797759539,0.48396679113028085
2.288721520768814,0.7577115618209564,0.05752114007162968,0,0,4.6297568286785007e-4,8.6812054353298e-4,0
2.964204271124367,0.06789067543244016,0.004603371088064661,0.014244735114964536,0,6.276972816449501e-4,0,0.019059404125684038
2.338287218457447,0.910687269702366,0.0039212594787142304,0.13844216876517096,0,3.3665494716764746e-4,0.0015781448493573768,7.666644666873503e-4
1.8855333747947198,0.07660314044527354,0.0022139665750581117,1.5528505239058654,0,0,1.008022271819842,0.06793249156459055
2.633198533846843,0.04529203570693528,0.00767926973924629,0.3126980630824417,0,0,0.2570133510142112,0.5318599341795286
0.5897015543204789,0.25028785253800834,0.0038752300151041535,0.9459544102995945,0,0.014672208639033782,0.13980432720381553,0.06864445107667569
0.699239681266746,3.4083359170271854,0.005627484452804173,0.058881491153100804,0,1.8635431246588865e-4,0.008910487811476209,0.0018390006347114194
1.4980054404890455,0.018595767817029978,0.006120965849116991,0.0036246936854695804,0,0,0.00908467032198954,0.006567474139956227
2.780808164970691,0.20753291459390696,0.003726552542072875,0.04412468490368006,0,0,0.017873280268297948,0.0033917417167527017
1.8508168682446782,0.08454538870745845,4.1870366266015405e-4,1.2952532330394035,0,0,1.1577711029780406,0.7377474151983074
2.316642282870843,0.5336406625085026,0.007321375465673221,2.2673148286125088e-4,0,0,0.023582931280289078,0.10927492703606709
2.869192934457717,0.37994736007471736,0.05865127106257573,7.107959923146833e-5,0,0.09747838805286296,0.0024050084096887137,0.04067608644253218
2.3508766394476237,0.2411206295968953,0.017790895971668264,0.0018078245919256842,0,9.665677237470353e-4,2.9300472605383523,0.10394390862158424
2.674328368026348,0.02754867243074537,0.12128926318621233,2.8357763656998225e-4,0,0.00568563852742992,0,0
0.5455655527226917,0.23827676847433318,0.0034971122620858033,3.0979993332888185,0,1.4054973418408687,0.0786226850473889,0.6334001684667842
1.9487133034701796,0.2399469292989656,0.15567256843854443,0.34418185261980205,0,0,0.8313197165673248,1.15632520353367
2.9818960366221208,0.13507205460500749,0.01431333696849698,0.043963918109063096,1.136048856225601e-4,1.5289889448525588e-4,1.4334950657011002e-4,0.001276721317798575
2.5377360867013907,0.7903920495578731,0.018809818666359116,0.006779580028796812,0,0,0,9.96939464354997e-5
0.4008835281074236,0.5141469581888569,7.883697292694117e-4,0.858155878118271,2.2630520200421936e-4,0.028630552385403848,2.8555760488448314e-4,0.0427732924886341
1.7519876888204298,2.1159228804106904,0.010124028195895085,9.90418161854393e-4,0,0,0,0
1.213771311399959,1.6067760758127263,0.056085852456940276,1.0690613257031585,2.857935820810721e-4,0.0011539342479431058,0.014064240117500019,2.9198388842759625e-4
3.328355261430536e-5,2.333328297069311,0.016232339542567382,0,0,0.002012160853167482,1.642001066687071,0.09317332842034119
0.19693750352424721,2.815208317519911,0.0027319982403765774,0,0,0.001055485686986336,0,0
1.7300428374982961,0.34381724078781295,0.006995310213293116,0.006589945332467305,0,0.02001912738378383,0,0.004710922030595175
0.27310745994258134,1.8642050630878209,0.006299539602096935,1.8880590436370503,0,0,0,0.6599199737280319
2.355461944713066,0.43037091395168264,0.29417282760467434,7.969754469901262e-4,0,0.6733191619524023,0.08033621585467765,0.02683703716193467
0.0753905738904646,2.2620784082658982,0.0011921158144298691,1.3160183288189349,0,0.7614050957194333,1.9641700375753985,0.31269522719048726
1.8607035789978266,0.40584393620114706,0.030590084466371955,0.04311938712982898,0,7.707544348844893e-4,0,0.11545574921131752
1.0038871464362926,0.5304280999212273,7.048597615709844e-4,2.5050851851425477,0,9.336580659017373e-4,0.09234899427850689,0.012757319668433858
1.972940188349847,0.5968483074638762,0.02074538804318867,0.5229010490215946,0,3.082621107897724e-4,0,0.5213560455201377
1.1776215167382518,2.1346419530706626,0.01584241548433102,3.9305325669629926e-5,0,0,0,0
1.634027364254043,0.6100745127785872,0.010047389090318371,1.0961914990850983,0,0.4684175453460368,1.2148963667072565,0.2793701233796124
2.223819461059345,0.34014948048978677,0.028238240420775933,0.6177504004869664,0,0.001025447171248235,0,0
2.0848158027022294,7.416973638449333e-4,0.0034298190133017514,0.0011152690532012172,0,2.4845309359953593e-4,0,0.006223825792974335
2.528364657305607,0.13173594243740983,0.03009905874068689,0.0056511465578446525,0,0.001192669825971061,0.21524983283035254,0.03440352224405855
1.1981474322631056,0.2580593600161851,0.0039966549677109215,0.6116719245095312,3.4417752593589323e-4,0,4.342918726167342e-4,2.7986425267055353
1.54159049052112,0.21192278678708085,0.0018462627132804807,1.1157954219094555,0,0,0,2.518664195271096
2.803117384781921,0.010925118029070962,0.039480373863334306,4.943546903810326e-4,0,6.607766178469317e-4,0,0.005266754139635006
1.1368428468177405,2.292537929159678,0.0034410962856202053,0,0,0,0,0
1.2322493256034457,1.6699379096598503,0.008575505257580645,3.6272963314100713e-4,0,0,0,0.38166020585293675
3.1460666137403543,5.571768893099366e-4,0.004841084615112885,7.563570696518236e-5,0,9.09882658108368e-4,0,0
2.78116724661384,0.030776790068014023,0.019760495804372627,0.13778225968856178,0,2.827522087031465e-4,0.005832040670957856,0.12148468076135614
2.7576736525298258,0.24039406741823538,0.31785108304153464,2.0637495111318815e-4,2.0495836809593864e-4,0.001930950012224084,0,0.004816148912348073
2.532951811565173,0.9370586535539832,0.014378634616021591,0.00913628922595216,0,2.7545804503314303e-4,2.5825415526517054e-4,0.030110435193087034
2.8292643598338434,0.07928205709753597,0.011613811319122123,3.0749682927203227e-4,1.5269306663022564e-4,0.0057541964568756645,0.09383124357538623,0.5544254490644966
1.506580189992504,1.5374589233810951,0.010856716705305918,0.11767540419131643,0,0,0.3757448069656173,1.3255679921969985
0,0.6149360381271903,0.16297121038918158,4.167809307032545,0,0.0019675820226382826,0,0
2.4917302032681627,0.9808340380908289,0.054664978876598325,0,5.299306968648018e-4,2.3774158790326714e-4,0,5.41409027946042e-4
3.167409332378326,0.16399209567759357,0.008577818926314457,7.766548440177168e-4,0,0,0,1.8185324074449158e-4
0.2669554586430045,0.3307664779268004,0.011376507287659512,3.6302827359724583,1.61934515411738e-4,4.358898519157263e-4,0.2233360246773726,1.2313850058534923
0.390164954107343,0.10270425581730712,0.002694138719470601,8.386110147075237e-4,0,0,0.049993624110979934,0.009846063409922797
0.0012956948439580675,4.118420337687274,0.020929174629743377,2.520558522840057e-4,0,7.58045564952261e-4,2.3690046519389224e-4,0.009974163421216297
3.219646009372723,0.014910682523410745,0.07239878710467139,7.473588551113754e-4,0,7.991626517678079e-4,0.0044955029473240414,0.004398172567018679
0.7681042803702176,2.6660623336311247,8.789935664117433e-4,3.387508225486655e-4,0,0.21598060089449098,0.0031838271843087377,1.6572962006770038
1.9145351494762572,0.8192291411110338,0.002830895526203181,0,0,0,3.0761597615749947e-4,0.10161931720837006
0.7903760860398754,0.8056803103224746,0.04529617539857017,1.9396067478517296e-4,8.668318719857017e-4,3.8674591976321944,1.0952486800314516,0.3515861786842124
2.511103426023517,0.008884411749377073,0.25671411451773113,2.756667566806155e-4,0,0.0018423426608115282,3.4545561921752593e-4,0
2.5678164764080136,0.27461190337970487,0.2112426194053301,0.04009182993380304,0.20295524984046862,0.9114967384083437,0.5262926257894734,0.12203719624099346
0.030942087392372954,0.1786056087517501,0.1073942600540678,3.5074680592799505e-4,0,0.01687765997864972,5.038044435542162,0.9053696230480567
1.8743828769422985,0.05390459952418848,0.004417095419179899,4.728560416834187e-4,0,0,0,0
1.8793447967702537,0.41738949895262695,0.013836148041154529,0.32164846297805605,0,0,0,0
0,0.587170489179725,0.11030674318000717,0.0015514799282640075,0,0.001555333164026694,0,11.109950792717223
1.8308400840676202,0.036672035551203706,0.03515509457555947,0,0,0,0.0018484294562196863,0
2.24467341654778,0.3667025597641172,0.022621736583190565,0.015109366545583727,0,3.543132625879676e-4,0,0.014523799617909046
1.2068157191087532,0.1142654499352191,0.0019338812262237972,6.987080321827112e-4,0,6.068080695789608,0.015760721890063095,0.2505401702266217
2.3523154346369575,0.026815553554771138,0.32622984204557065,0,0,0.0011264415404430793,0.8642328232346717,0.08750338588782011
0.0070280273776526575,0.12195944849379749,2.0828625371845658e-4,2.810325895081894,0,0,4.5266367949456425e-4,0
2.7342355394434046,0.0435313566223242,0.005304562387634999,0.0022487279029223036,0,1.3361926866274971,0.7843074713071667,0.43667968345695835
2.0592730712489082,1.5318126221335364,0.013299167561780545,0,0,1.6311197159224214e-4,0,0
3.0449717537048198,0.04258006661834394,0.006164487365266211,0.019344987102476136,0,0.6409907440670609,0,0.10718105710886452
2.523087980820186,0.794179264537728,0.005457988732106781,9.2798218482291193e-05,0,0,0,0
1.0384115427363179,1.1752877189765398,1.3070656314401201,1.2557503413929857e-4,0,2.6743415307522636,0.33566188184755763,1.0282339205927165
2.7096607499811074,0.4361135809568029,0.02989087374492495,9.094334632163337e-4,0,0,0,3.0758472404174953e-4
2.1506539142894754,0.49841205851868053,0.030934758154966442,0.012391149517329987,0,0.006210962009118951,5.293684385538102e-4,1.2468350100412642
1.7842359883206538,1.1414313325556527,0.009063715537389837,6.668490525591287e-4,2.8383073660332906e-4,0.2758061578976147,0.03724705645474092,0.030157766870148858
1.764220559353126,0.013202772512942924,0.004692446160572097,0.002131325931570319,0,3.884762300857492e-4,1.3173610430447138,0.11471313040164909
2.5850742591181946,0.00899439842657458,0.0022350547612135186,8.269020400427181e-4,1.5397989053556906e-4,1.2266472317060126,1.9429570488128765e-4,1.0502356364207153
3.046039229584629,0.29853315150961346,0.0051009514215385535,0.0039050937515480865,0,0,0,2.425893475889596e-4
2.7444056806947037,0.022717303231951185,0.0035145824126920663,0.028298683260955044,0,0.1821433067602818,0.6841609351591307,0.21822017900884116
0.030630368153694878,0.3376430293428244,0.004296572060399742,1.6284206212956533,0,0,0,0.44354304749272216
2.4493713877473775,0.31296004505069275,0.006785794883263567,0,0,0.0011871566596654234,1.8985204090506493,0.22574328618566686
1.852329859645481,0.8933114677798828,0.002076794663408291,9.604382931258349e-4,0,3.2094120847382516e-4,3.008966417162297e-4,0
0.24732378214292358,4.04575647181008,0.1270630670500505,0.013043792020153034,0,2.4730378091077706e-4,5.796457045328903e-4,0.005444121806822364
3.143439768255127,0.015193724189106911,0.008529368371996205,7.764778424699431e-5,0,0.05822479071165138,0,0
0.9233992928011326,0.2760807994967975,0.0031056862186253876,2.6072418648054967,5.094295379250974e-4,1.136778851745481,0.034068984288497,0.47934717145847466
1.0914171121440392,2.0609018445692655,0.01750751760151895,3.373566209653972e-4,0,0.023335418814100437,1.0469728869665316,0.05314176004408808
2.4845655372861457,0.5678428541144185,0.02097801840959624,0.09491065968321383,0,0,0.05689460409808914,0.07596275407864124
2.1794518167796832,0.5722253913286875,0.20997365214694017,3.99717903600975e-4,0,0.0010685617010359086,0,1.1072134051808984
2.112060999699219,0.08550860937870933,0.01941633083063252,0.971935717198902,0.0017835354180344857,0.0018003226194786396,0.004219706101180432,0.26671968050247946
1.8462786145401597,0.6929469915725928,0.014802931732064106,0,0,7.625325833043421e-4,0,0
3.001421612538022,0.3781283871363302,0.010603209953909093,7.951751424898957e-4,0,0,1.2456059471177596e-4,0.04619057553014741
2.042761039329015,0.6531078552498144,0.05067643497452482,0.8223841399965128,5.761151146704183e-4,0.0015507671812991228,0.001453913129932972,0.20512494036170398
1.487259547220476,0.8489181587110645,1.1581997952529837,4.459067723709727e-4,0,0.0169865403882667,0.00419095691889609,0.013573142551705544
2.231622640106726,1.4199891560874016,0.004124900814204053,0,0,0,0,0
2.6309933310677693,0.5524740022080408,0.006702692037756361,0.23665317582960663,0.005328107894771993,0.0011951683860901123,0.4239313760350798,0.035382847730058155
3.173577702266104,0.12482316221442712,0.010021140826509808,2.106543310176088e-4,0.0012552502428658852,0.002956485131984951,0.0011879297836802428,6.412195196841329e-4
0.8731440926776408,2.5531406777495373,0.392441294972949,0,0,0.035999662962630775,0,0
2.063274339200828,0.1355079511962747,1.1110352622227546,0.0010689557932936841,0.0015924275241136973,0.260044181553214,0,0
0.0015902843362674503,0.013776261095273292,0.019410220574180223,2.877078984511534e-4,8.571991082752892e-4,3.845632614911986e-4,3.605451430197975e-4,2.919220310084813e-4
2.2471345496368946,0.5372585372114348,0.029009345597325407,0.11467856812969313,0,0,0,0
1.9307324355707283,1.2299077674201582,0.0062756936886105745,0.4769446661525215,0.011958675200204858,0.008976045829703275,0.0031920641132066343,0.004464159919162545
1.8226835751431711,0.23330738116899302,0.18961351528780498,0.002345363870611486,0.0012331402967010084,0.004149156681897192,0.0012966729093200262,0.0014698252221642901
0.11378549015435752,0.01568557538672569,0.01957535785899069,0,0,9.654616684270141e-4,0,0
2.5084395551822483,0.9932800337375371,0.025579582851217295,7.622152768651073e-5,0,0,0,0
2.804292723801606,0.031075175825746773,0.008562150522380933,8.099320773107858e-4,0,0.591816678859059,0.006428191563069452,0
1.278625212950926,0.15774551280698446,0.007500940452260044,2.8208101046278014,0,0,0,0
2.9525418730735384,0.04235885590272736,0.08060944686424797,0.0030724280419454774,0,0,0,0.023120944329152817
2.321622682014825,0.15810334259176992,0.01745010621416585,0.05443052491395785,0,8.427136350801876e-4,0,2.260394261171352
1.5030919962078673,1.0817692634579907,0.006412889467116913,0.6678565874244258,0,0,0,2.0323378867475834
2.1240549865130056,0.8772561878596066,0.0053479099266833564,0.4961506639861683,0,0.005765922590319951,0.5243634338859224,0.4293751384285055
2.6354336471451396,0.3821072675480102,0.24652834626670864,0.009116604779610646,0,0.22984680113309988,0.26749321397370596,0.11100165678422926
3.058125919792878,0.28070579349626545,0.011551931741415711,0.007978801071910699,2.583924000381875e-4,6.955319235211699e-4,0.006520920793847448,0.0026398919511735853
0.21475318230108326,2.1022498443818764e-4,0.0018430153486979687,0.21631533618129836,4.7439567216967395,1.4337826840293375,1.6879826117920345,0.3924068548704713
0.003299750723943504,4.362785167056254e-4,0.00245879841633892,4.7379185573356283e-4,11.664914190678825,1.8248292042306764,0.2440266610998403,0.2300300746679841
0.1033463888601739,3.5477756882920083e-4,0.04145571214978158,1.4599916343356119,4.290677788000974,3.194976832364421,0.7879668294693154,1.1497927370538459
2.5215836947434345,0.08095788682295743,0.03741705254253163,0.4045558380715241,5.211140299611034e-4,0.002337861869383855,0.1543061955807977,0.16185002301651655
1.4235782959911238,0.0015840831930408771,0.009522825069475407,0.034061748633470244,0.13736195688668626,1.0209411930865442,0.4624203207568271,0.5880548653640552
0.155830158975983,7.001079809717108e-4,5.260934101998563e-4,2.415190119061778,0,0.6554876505752609,0.7065881952489371,1.1280040486249756
0.14298472909396823,0.05066733816237137,0.06144817881116302,2.108787508548572,0.6453793655344139,1.639457355310687,0.6690287558685886,0.6180159189779316
0.1268283279056828,1.0474192408287739e-4,0.00609986303330808,2.9527880130936164,0.9675654434107844,1.9453628077672753,0.7179994743597655,0.8915750076829714
1.903941559456495,0.0024332578319212,0.1352007073684407,0.25398308923350554,2.867902005038739,0.06683741665743098,0.3385332935699768,0.32050487703298897
1.3714880624157364,0.0720217809822413,0.675945244211881,0.5948359309730744,0.031634540305061,1.0631097787746626,1.6527573862746539,0.8617776646462951
0.022716959282106042,8.319147489870747e-4,0.0015628477291556983,3.162392349442763,0.09641310057231836,0.5654802737096387,0.46470304835690024,1.0895156421969783
0.020681634690738634,0.002406622359597853,0.005572540114383408,2.4737605775021865,0.9150450564027937,3.2179044225134366,1.708747275958899,0.5498552828116571
0.12285104358158093,6.912840661203261e-4,0.0037104479558516287,0.7555500998145077,2.388489809321785,2.0190874474593103,1.2599734997238472,3.374202263132986
1.1406998737964278,0.038781852805821505,0.009829802046166534,0.001225612557982574,0,1.3653724304103942,1.9364822918258602,0.5429854482525162
1.0478716605145724,0.001865652523408768,0.051353573137078556,1.682519298609736,0.35142867081405865,0.046980278872633,0.4980852061521633,0.3694981314555893
0.40971166290025385,0.0010880285791532436,0.05896116561649428,0.3262985640400373,1.3415493156836673,3.556831522861878,3.3517727665300483,0.6728536714168183
1.2141887161577742,0.2595137393526407,1.9178853925073136e-4,0,0.8608211120002394,0.4192349950461388,0.5914527935428384,0.09314380954781876
0.15708895893904362,0.05558636880144237,0.014365398912773232,3.193965814925593e-4,0,0.6192471327069708,11.207375286257765,1.1219471876415505
0.42478182072186843,0.0027724927959465024,0.017708720583175613,2.0157876072903527,1.401216184559329,0.7443283022390318,1.347574265582772,0.5952640938795336
0.503114828173791,0.017420722117669808,0.011148701737188033,1.8587044199154146,0.8315583797299843,4.71389598076241,0.3059915333996382,0.16010518148219371
0.37206094630189546,0.05421304128476692,9.360794649004965e-4,1.5757597748091086,4.215996660828463,0.33155780498088144,1.0537983600450738,0.9405266141538411
0.9330211364802534,0.009858624237744857,0.2332433248903916,0.5262823693917635,1.4510486105907894,0.7316264631221205,2.2804314517910678,1.7469278466340574
1.3515886898765788,0.0038659173163497597,0.005810056962031127,0.8903813181146017,5.003411720286192e-4,1.4552189615292936,1.3289772155483834,0.6573756695752273
0.025799514466736825,0.0013709677156806376,0.009497233133304684,2.2738464025241183,0.2040510099355776,2.755243324496721,0.5446891701605849,1.821569978114463
0.4423533371720447,0.007832947928710855,0.0439189000701715,0.22928188729006765,1.814256235550976,2.147902942987803,4.857020227888549,1.1699732559355784
0.3506018064135239,0.49727607064285456,0.08756855530278487,0,3.365535778700031,1.1746207751003255,2.6758341815322075,1.6976310595987303
0.7331678339250662,0.20904471974137281,0.046315235048713994,1.2412624840377888,3.739219846266154,0.43317231907784187,1.119796053638606,0.8540295210449012
0.3190663606363729,0.2516621486911729,0.038166140727350105,0.23663322758669827,3.1413737125741172,0.39375870195917323,4.123330299520067,0.4299085170517806
0.4715620889495049,0.003908880868912188,0.01692147864903964,0.6022342288164585,0.5586914120059487,0.9288152770252565,1.5008386342542497,0.9045041831670101
2.0636712703498263,0.02664551811523602,8.48418246026529e-4,0.6370962841016359,0,0.3140128655060637,0.231095575473337,0.2219452561397224
0.4575962578831043,0.39118414516792466,0.01782204921084279,5.087665291197697e-4,3.365884703903969,0.31927883958444697,0.4423126833062752,0.13124857016199473
0.6917819595710532,0.001869474662125509,0.009030917824819866,0.9948083607021916,0.06394505306316346,0.6954785706442826,2.748826137062364,0.3557842302562473
0.4261777492878371,0.06557298219120429,3.293754116014663e-4,2.432036052125924,0,1.3888235042093586,1.2641450692727627,0.20835903290206245
0.36002696796919503,0.0028542586340106935,0.03664070083117265,1.9413478126255077,1.724163341796956,0.6556571672219641,1.0555881449756412,0.37924464648953427
0.1887170335708788,0.058427482461634817,0.006663202774694442,5.205197725144772e-5,6.203362330211724e-4,2.474017561465616,5.252683373695886,1.1830952876085354
0.2690834521232762,3.925311503175542e-4,0.011798640043703708,1.2400568949780648,2.574009471310213,2.7799994882616774,0.6084564216441702,0.8992231244656708
1.097249455782056,0.3460055445114183,0.06903234093177135,0.008801329869262827,0.02503080622582509,6.249223952034261,1.4333347749939063,0.2374633393693587
0.8890295926015871,0.3487960898272931,0.0014744681624599628,0,0,1.6583621429713498,2.414856507663746,0.9869568615988605
0.1468706179626073,0.007467497891221669,0.03217418677935335,2.5135320102885266,1.9534268118567395,0.6786557539201362,1.163843729781585,0.381009435393174
0.09699710486257127,0.006929905104145274,0.02322931193135483,1.204861323950165,0.5944118956113799,1.7260547454861668,2.971882540070167,0.5533856898200551
0.1705516629916346,0.07032584508116017,0.010482194378268115,2.517215531835843,0.006812745756069529,0.4020676356835051,2.5368254440676408,1.94505869738996
0.06858719268738626,0.05497731171987582,0.0033704825692203156,1.2730007221126436,0.07090486053777911,0.028461475392587556,0.6173921420905534,0.44099842896343106
1.2410187382321447,0.11306922518992556,0.0920588008967284,0.509763835600658,0.12217114283569491,6.411796419189307,0.5092289029917088,0.698431662639547
1.1391920402024647,0.0026501015310314143,0.3067534945084153,0.6810826910668589,2.1344272785828524,3.514073456596902,0.3716152317762889,0.5606638979485354
0.07699005286824034,0.0040411897797172905,0.012304017725224374,3.3422755128701502,0.7216400295097837,0.4833459164349429,0.623270415066148,1.266557984784414
1.089315376204411,0.027753667448388492,0.044178392097293157,0.3253286096620746,0,0.6919446781779619,1.478236868866514,1.1443562391827018
0.6989060172489584,0.10894066162497108,0.03417544658135469,1.0636291959320783,1.784893172972807,0.5417214388680216,0.9870112596004577,1.5169633912729485
0.029100381882648397,5.049875782572824e-4,0.025424553316202306,2.6992683845050074,2.2992712604082826,1.3392418546125737,0.4725504611965952,0.49979579341920494
0.11562754601655179,0.017422096049017843,0.008112419157123798,0.5355852811110408,0.6123698238669052,0.5771192680642574,0.5994380951697693,0.3455506857555116
0.7967872015307066,0.014408307376631032,0.012945405419903112,0.9243755486861882,0,2.5895646637635528,1.5128391693683345,0.5032126006832393
0.560209176043512,0.017126485774311046,0.005362346208628814,2.602920750823224,1.5452067826346279,0.6425456001602184,0.8650751793267899,0.6510677800890617
0,0.052839227234813706,0.01157157296973926,3.294905656992032,0,0.25336904362644425,0,0.2431141424838781
1.7790754653969367,0.02026401671402528,0.002239311217861308,0.4432720730795154,1.9284141388002431,0.6340240236037589,0.1717229772670994,0.2307929484376976
0.7093480246299234,0.018798580979471638,0.15653647216848893,0.6086416647867469,2.685451241047649,1.2529541854857689,0.3904500066869007,0.39800466481705865
0.007622951878910464,0.0019946389982809965,7.286142944204289e-4,0.04266107585177882,0.7647796887652584,0.33538036340981947,0.286383764438627,0.10384963372647948
0.8040091054200352,0.5293770110343803,0.43108627093199336,0.0011178521847962997,7.136865707616227e-4,0.015688798555159512,1.913063484431098,0.8390029217275391
0.4547068796198951,0.030617835152578148,0.010276039797924982,3.2715873762315177,0.766101324189948,0.7022376223769875,0.8353001909913675,0.13643740409827115
0.5805380659822258,0.002255429026353233,0.029518347342984683,1.5858800769081702,0.26563435226804283,3.661232097162078,0.4920330954912308,1.9618470136272395
0.4951445060634853,0.032846323429365616,0.0016777958765374539,2.0575798914663324,3.6648004191178325,0.37250067373262213,0.10452769166884611,1.3892240429801985
0.06384162313940316,0.0017299957550931508,0.03349996286729698,3.450684140485589,0.5509290392388568,0.04201464683696727,0.06411159404457858,2.474042195051201
0.031684962926026954,0.0010080373993991798,6.886234272849427e-4,2.344278847688955,0.25381156900315127,0.30807913483864807,1.2732063379135157,2.654889403371408
0.7229676031422221,9.222483830139029e-4,7.425213733218989e-4,1.297004354224696,3.39751883374856,4.115396831250783,0.11242141083678252,0.7573725306530131
0.5942454110816306,0.007480077015621735,0.005933145498866762,1.5708560818385826,4.108235467587968,0.9218357158357788,0.7098688559805593,0.5989356426136733
1.09433851838045,0.32801986424559576,0.018662954758585974,0.7328943214488846,0.8895082379648248,0.9675132163680842,0.8610187423158037,0.9268167487909382
0.007467529873258227,6.775752468637137e-5,0.0014001935064868903,3.921272425764819,0,1.5051295459407834,0.6476074382941345,1.041079168332783
0.10286162797869243,0.0019084781750023038,0.0013708485441533092,3.979106633873043,1.0377726140696282,0.11341938469607632,0.10518985318047668,0.07477792881781302
0.04379804512721527,0.003550083006020535,0.006305463322435628,2.471340684520307,0.524834040881084,2.01790537441059,0.3736843687001609,2.053485012766374
0.013437527630808186,0.001414584489312573,4.982737472904006e-4,2.144559367764643,0.4968924713978784,0.5655769877290675,0.2602537862713923,3.769274045933331
0.29271673813042287,0.13957000414867338,0.05789826854133615,2.2269205378940318,1.8766491562835497,0.47879922411359205,1.2821884929541723,0.6933417726427762
0.05171249335636718,0.003448154740315032,0.0020728819388247314,3.171638387505023,0.7611182775036142,0.2970120435849091,0.4651356943494412,1.9997489197915475
0.09708619383245513,0.017808641273726188,0.0055759308286254545,1.313476103614924,0.6124251127418531,1.331305682504758,3.0529517102265418,1.412065539722957
1.0467592955741636,0.03252298895223688,0.0034133063031352795,2.212991896038176,0.8624247739266604,0.4003584166806886,0.9124212991916806,0.13393756180056277
0.30058960070073526,0.011585207964610713,7.206671618288057e-4,0.003249490391316346,1.1970375717805097,0.6585284416078105,0.3902993354599277,1.103255875273278
1.3465809747737394,0.02060766487248637,1.536264816376977e-4,2.121711517151898,0.014288139811695907,0.2542655250246109,0.6480472326128283,1.3340604356124093
0.7015555628408673,0.00864493169909142,0.03146596966692862,1.077554854815782,3.5558728351645286,0.7378007525791511,0.328370508381107,0.16176810821610704
0.581583475949534,0,3.8871798068173955e-4,1.9144086960212614,2.0091690169409224,0.1644450034440149,0.08152240509874258,2.2982441872716306
0.7439520010687799,0.4983195491080652,0.0031703216784537682,0.423613438275626,0.4013345200859486,4.3684381345504155,1.6393246449866572,0.6678386846264479
0.447093360476768,1.3042504173997422,0.006467653455255973,7.630211617596643e-5,4.546702144617034e-4,0.07159615551369664,6.6588153768190255,1.2992579617873243
1.5283104695921317,0.008040195961636689,0.007723858652529205,0,0.4224447133213734,3.376752184025834,1.3279656525967467,0.9891345483317021
0.5527062563025811,0.0019237771496030602,5.354129006375578e-4,3.0944040802243213,1.4362589019725887,0.213782053920421,0.2894456060806144,0.07136639039786451
0.38410532625301136,0.19082101250969288,0.008336727045959471,1.4179544027564746,0,0.057351515620164543,0.3132663297151223,5.836129003427501
0.4734191585402994,0.008743873399267969,5.79754371510792e-4,1.7760336544840587,0.0013313695367696517,2.4942799022891595,1.8130921038096235,1.9763808898573656
1.4524966810113478,0.004490976699878671,0.005624544859227782,1.108734815332728,0.3598143997554293,1.083084267399465,1.7785472964923055,0.4128520632328329
2.7487642540156036,0.0014850914028895373,0.05630556430007453,0.003372190480419108,0.0021841587069741505,0.02234112924663561,1.889531753978332,0.28652045489227296
0.24825947790675157,1.6923625934067038e-4,0.0022255087164446533,2.9587113151223985,0.3616761978294685,1.912826044018627,0.09984220119277143,1.1088100987310028
0.1336569823191177,0.16861624725848132,0.0015295270520805692,2.4293863746174007,0.804529627940613,0.2311681203810095,0.07013820683040192,0.35203607446638396
0.01346165294076285,6.27125008284934e-4,4.712506401831254e-4,4.343317126174489,0.7045105894106674,0.19225949821367255,0.04096632301770764,0.09411743390896975
0.8249539806782821,0.2101957861609528,3.567091310809097e-4,1.80151394808982,0.4033339726384517,0.58873167679989,0.2988502679347385,0.48111472462906235
1.401166386205623,0.005397748285906667,0.014647088752371232,0.9604787161768885,0.1358381780139714,3.1541200825895706,0.812944851725361,0.3390207920751387
0.32700058159006906,0.1920698765068456,4.190771172113721e-4,3.081291857003448,0,0.1829550174805436,1.449643156077386,0.4665424483534851
0.7570145828837221,0.001760827394566088,5.223027134976261e-4,0.9443406068370697,1.8489296830008377,0.9237830802240795,2.450320582200735,0.7009375246181078
0.7791950265863644,0.02670813135520881,0.034736055717222235,0.9346289124127778,0,2.960920089473472,0.689804584931965,2.627954124219628
0.5374360469627203,0.4746960599607602,0.004398871659013525,9.246865028685027e-4,2.5662992887505154,2.5960160104479573,2.930564015438321,0.5495685897791456
0.8009989424437801,0.011895675392263211,0.013734337819223154,1.2841819421975802,2.7776622702349156,1.3263580445494987,1.0128259672726172,0.4845769157331949
1.4728592690826479,0.0049237724289253855,0.0052597322420792755,0.026526019247720044,6.444061268711934,0.17489691628806842,0.17461614854993276,0.06989273188014673
0.07637849730199611,0.015725967206634807,0.007897644816513241,1.1604695625319412,4.456527758710063,2.628093341218903,0.7348635537008249,0.8770526950916823
0.06437207443046547,0.012742692638600435,0.015489693120312915,2.117361216456555,1.411526253310604,2.076014715610872,2.3584775362385533,0.8829352219541036
1.7795230729375304,0.0012068133203253385,0.16040000644096458,0.0012013658911557924,0,7.064933656805849,0.21104489465637388,0.10704708015022123
2.8384182323984737,0.0014436767525983275,0.014198710045926472,4.6112090267064356e-4,0.06099970085795385,0.7233540506510554,0.155328782578353,0.05811008253737542
2.9715915590781963,0.006123179376167696,0.26169548218031674,0,4.5027516564971967e-4,0.08181239371650166,0.1596553617574361,0.026221604725941376
3.001169629946698,0.014240924974217535,0.05104950923834297,0.0034718309210469162,0.29245307794008385,0.5220680274065472,0.07060118114537037,0.021616468362882734
2.639890653250213,0.005684428258673166,0.008115928720928277,3.703921752275919e-4,0.9004962071795577,0.2614037018631152,0.347193244194205,0.0184150528906728
1.852425497108421,0.7906493153858581,0.041602616723739966,0.31546048383040465,0,0.0026064062428413403,0.06679232510130921,0.7287561117234033
0.09590995481566399,0.9179222067322625,0.12470886997713657,1.9757454151372011,0.44274631911193846,0.020490461903069603,0.23831674968401317,0.2509709387281968
1.0229487590837611,0.22702276796377166,0.03177229553307876,1.943581274276359e-4,8.686081321398458e-4,3.077705794815997,0.6086628945191201,0.3842538286382649
2.3192260093712815,0.02154707032163497,0.041142239274189626,0.010165483298639031,0.01657219692461235,1.5205338515371556,0.7102602526423886,0.4005093130195137
2.770763198534789,0.05473774221389461,0.015048461991976734,0.00990739304868004,0.03311793836646092,9.689755047511771e-4,1.0220147835028905,0.18388736371200776
0.1203611385150412,0.09306865349671456,0.023021662186147457,1.6968982323229889,0.1765534559355352,0.4777646613213057,3.273068393621288,1.1816239178449974
2.789311384930301e-4,0.11016693435312211,0.0025460966183194953,1.0513147690826023e-4,0.0021926066722463486,0,0.24860652918778972,0.07168315731016481
3.590036423630651e-4,0.33068292939083616,0.0037451453931228846,0.0015335300241647015,0,0.003255540733640107,4.448771581631135,4.233579748633375
0.0018738421478032626,1.033229917426477,0.011703092432421151,3.33172052813516,0.13356491802171613,0.2647252652291709,0.07797914815801327,0.1923536499499159
0.4488684495088792,3.0935684864229684e-4,0.009492320697689472,1.9858409296062511,3.6448013294204853,0.780457535139123,0.17387671019205683,0.46154839994909075
2.484506443564631,0.001454986875522795,0.26825981144425876,0.001354366020968199,0.008742951660421758,2.936316779984857,0.30635228247629726,0.5771655846547976
