-1.7802016173104764,0.21203927347996201,0.7627664410421675,1.573836061602208,-1.894652506642489
-0.6917370940463123,1.8192918482406117,0.25628056351446726,2.0014952485897264,0.2658491726578049
-0.5327827057034236,-1.1719870881143533,-0.01887593191036535,0.9620084849658928,-1.5757554540169871
-1.4417633393819806,0.9238880865408093,1.1961202005279987,3.514600003244994,0.6982584247606108
-0.6717164065621282,0.8428212431942057,-0.7288617615869306,2.881152066120028,0.5380046864207703
-0.7650400603422098,0.12906244708554418,-2.1604395197034143,2.132577569029735,1.8421508191926976
-3.236868025533851,0.44911463188299083,-0.5687569090819253,3.0151995811798784,0.44586931428235055
-1.152608912355372,0.37084418936419905,0.9133852798098326,2.757778385445028,-1.26749232494123
-2.7133787200087296,-0.13932813937528293,-0.3776956434382027,1.1972556443650917,-1.0367303044020462
-2.875642398590793,0.357672354896691,-0.3590693417051436,2.2066858590390623,0.8615181890388511
-1.004808458734712,0.8886205414172168,0.1342106407505561,1.458326625663556,-0.5463556258061638
-1.2823229893310946,-0.006801493896165911,0.7841810060943096,3.256370839041998,0.1557743672704866
-2.5532926127646745,0.18670661647832515,-0.7598566669352985,0.7137043795789562,0.8950681489291815
0.05698814724307688,1.1575608382821005,0.15541783122315245,2.897290490156462,1.6109143341678858
-3.885831324087305,-2.5315587955507706,-1.9849717184394389,-0.3700184143730658,-1.7460942497728842
-1.0641752092015606,0.5435246740801523,0.7130744363067775,2.947242918903215,-0.11821333977340662
-2.3420829829995418,-1.3333255457884499,-0.03011973416676325,2.1848108836707962,-1.4473390742872783
0.027629808212801477,-0.010142625299934038,-0.581983183070526,0.44332687406169513,0.3294805256182261
-2.3614545095491684,0.27686548075749123,-1.1813812145234444,1.0540651852698213,-0.9956573148368123
-1.3870181644316635,1.3275481124440582,0.8873612946992485,2.663372511095122,1.485968429190774
-0.3051308450656427,0.26750926366219324,0.8575709819223741,1.9394941116470883,0.7225401893095933
-1.0459972002315412,1.2936533568733477,-0.24289593264167836,3.044860677703717,1.6061202275618565
-1.2975809014665078,-0.9856491996146343,0.05987615841251781,2.117023330759292,0.30258245082997776
-0.14623638666870598,2.1448962011382062,1.724346927991323,2.266171787504189,0.5281091909293506
-1.7498578983805437,0.2772147343886407,-0.7710234873453994,1.4265350357589766,0.6783235060304911
-0.4699453554794403,0.8456590483483195,1.025449103914188,1.1701549822527206,-1.4295740728110318
-2.6440989504339516,-2.838806399676638,-2.2543357334709992,0.460338929781565,0.25423404825652496
-0.4195356950018492,-0.509161944298474,0.1919523753959465,2.795955933059308,-0.0848747245704041
-3.5333479508655516,-0.2552405479603097,1.094209123194827,4.260435059715781,-0.7184506481616822
-1.221352926404835,1.494936154094297,-0.8895822040878962,2.5333287639993203,2.821819322556177
-1.1070694562334618,0.8693778015186605,-0.6247250853523156,2.0221996169161875,1.0679466002300995
-0.43782002330629644,0.5640753502743072,0.5107286199311601,0.29769733693507505,-0.8895261307624774
-1.4749452883731284,-1.1888764018773945,-0.39685475831562694,2.6934045101426007,-0.5375524203968349
-2.400903767021891,-1.7870087519922464,-0.7395593598775371,1.0652141901852354,-0.12264779956665947
-0.49026332406495954,-0.030671639919287952,-0.9829196868262275,-0.6706940748040522,-1.5773613686561452
-0.8853471074990598,0.6052553768275858,0.8335961284493302,1.6978896126317806,-1.0144455277751712
-1.0160883595933676,-0.7067609587899548,-1.7189956709044876,-0.7015683353323336,-1.6892847852518755
0.46496021908927343,1.9713804461559636,2.9067210751533485,3.7128283946307254,0.5922276542789296
-1.934573394811119,-0.6758651482135589,-0.041416275040590644,1.8914978853112936,-1.6001434663050669
-0.9029703677548258,0.588316715639075,0.19542226265654672,3.1127572688929854,0.654829266184936
-1.2962549549148354,-0.9836640016442669,-1.9751525469929048,0.2503181250865161,-1.3870938109382525
-1.9207243055579746,0.4266339376314883,-0.5512213381903175,3.6383132079791105,1.220155392019261
-3.1865820323771574,-2.5422132198838647,0.04730998460348981,1.7371998558383068,-1.6960402526650484
-1.1196899949807297,0.3588255351056206,0.29350232182329583,1.7904132572685258,-0.7085979334241005
1.5156279551153362,3.2916337588707494,1.2413727570452502,2.3977441373298647,2.0774992682533284
-0.6468275408863657,0.2722046803009628,0.9133288461024799,1.645821148671293,1.430290009059218
-0.47554380908715876,3.903411833654673,-0.6342966677989448,3.264333034114559,3.5582398927528924
0.060333191479112314,-0.039278364321540526,-1.009107147076956,1.481531149624757,0.05061717042807015
-2.441823254033106,-2.859444561706379,-0.4175292722310253,-0.19141138567387483,-2.3917228971293123
1.7858709544243088,3.9641584019141978,2.8387799646681042,2.7949340532847273,0.553022473967191
-3.667731900108172,-1.6221906490790543,-0.7397976213720818,1.6192326848120568,0.6772015917668893
0.4206438795242491,2.981441850822143,0.2646345218275203,3.0326881906054766,1.084441034670248
-1.2624424985269993,-1.3902060228689952,-3.0232007192291124,-0.9463865181741806,-0.9486295247573425
-1.9939841239111302,-2.5757839649565315,0.21559480098297518,0.34409073894798636,-1.5874270724413302
-0.46657228502729486,1.2337184856052432,0.8043387783523948,2.7648286207473056,0.8455434230492357
-1.0872880511329628,-0.5406156066174528,0.9517238364560933,3.6937978353750243,-0.8029879085549182
-0.35014566409206327,0.6939814634615742,-0.4720663695537698,2.1699643352692113,-0.781360739255594
-0.2980530983840265,0.7971758419841211,0.2213865821000784,1.7285319498150025,0.628997582898399
-7.047051960654353,-3.88520127996536,-3.1591217560021927,1.9897152923896826,0.2627223368058138
-1.7035489519731746,-0.04074584685798871,0.26997845346881666,1.9294356157792354,-0.18774053827628498
0.13033630774337923,1.2832998270426197,0.35463441571793475,2.2857893000657272,0.6172618796562085
-1.2279109433746864,-0.6037127466321809,0.46721298704583214,0.44451356980706724,-1.2597195857898815
-2.121217022765803,1.0846494901338226,-1.3313699517783535,1.3555675376547451,0.8960198597368116
0.4073317261153908,0.8717579915152116,-0.025794391144768197,0.990205423633,-0.832190069549302
-1.901383911371302,-0.07208162719815153,-0.3776801620375883,2.871026732737544,1.0749964979066344
-0.3005749829512816,-0.5386690510059219,0.4467378174767189,1.1992159656684813,-2.07676087204314
0.005639449144658526,2.342039525244739,0.044949488402101,2.0762931698402385,1.976146362228816
0.62520761099802,1.3795251493644436,1.3291803748050515,2.8473241915023975,0.757631229490687
-0.22974902253349883,-2.183058366372852,0.881722233836047,-1.4283005040906536,-4.188382961171344
1.2596626181653352,2.6090105088909,1.5525398351936115,3.897752767799413,2.1564738307072346
-2.1994422791549333,0.8374544579671254,-0.7642300285790191,2.161686657137123,0.7248150906191968
-0.35597418089071886,0.6606527049322513,3.0384731160959997,2.7832424603244963,0.2049429741309348
-1.2152445040554505,-1.2434813022146036,1.6365332857416393,2.314386307199446,-1.9978748720377792
0.25440203712682097,-1.0486220711910867,0.9549849328219687,-1.6834452516907332,-2.181365228895495
0.8434826099472388,2.598528410975173,4.192934591866704,3.472334878898681,-0.30216486727743674
-0.8982991171137062,-1.6994469607357616,-2.400567634646316,1.181877544764025,1.3739444187585383
-0.13253052479118566,0.18648185534337547,-0.3454698962487514,1.606158221020137,0.2770673900093074
1.1694335051355431,1.8980322704350057,0.7820839057812755,3.0148762414569115,1.05468087012534
1.0971879640263704,2.593939590223004,0.9109628627392165,4.775621889050512,1.1967048569322334
-2.5869116826902645,-0.18015000399743536,-2.6871043631672484,2.2110574774370466,0.830647235679978
-3.9194954174602428,-0.1250785645254487,-0.35965325301611023,3.8633665888754845,2.237635198695404
-0.7739641717278821,0.4949563149087646,0.021434744098255465,0.6465470318660522,-0.46692086160118185
-1.9444756187200816,-0.5817324334544071,-0.005719693092101519,0.19877980773131632,-0.7514733487129982
-0.11636019140444487,-1.1333529677889511,-2.819952711883429,-2.346555772887064,-0.2805023587162583
-2.5411749058317192,-0.6499240080578818,-0.3156870385700615,3.708106526930666,1.5024460049669286
-0.12936118298204158,1.0083960640481415,0.10460649283083495,1.8607440659640293,1.2323698383479154
-3.9129254086652354,-1.2502918879260854,-1.8554607414597735,0.3359070999951308,0.7073441563443423
0.029727643323590458,1.3028968061854642,0.5411560847057649,2.521312661384409,1.2611310511265668
0.8921285054570687,2.4143272410815246,-0.06415599273224434,1.5604543589521005,2.4029765469733486
-3.2462214019667597,0.4605814792580594,0.21592785737493964,4.911901385846046,0.8130305778008681
-1.9177049273270883,-1.8701779759884545,-2.658668378691919,-3.190557381562141,-0.9423862212574664
-1.2246672017719182,0.3396198422210963,-0.52136529343776294,4.353237274062744,2.6370363567307713
-0.5159857556066714,-0.027861058122974736,-0.6029773863985024,0.6342603882217921,-0.2869917958378164
-0.11194892831112546,1.1115304065167,1.4883520046292134,4.103525121161749,0.12770911899840995
1.3914327419676946,0.7126660319894691,1.4182809579584137,2.7339684747113036,1.1610226728328226
-1.3450135947366195,0.5112807589741056,0.8711095765251563,2.981507991008841,-0.7102644935504774
-2.9042403945479025,-1.4761412768920876,-2.9078525111866265,1.0929768195013043,0.8678960642434238
0.3560221113823694,1.5811181245633605,0.1088359901962776,1.30079831930448,0.02111041747862094
-0.1742241619771373,-0.9548164363027588,-0.9465930191871099,0.2182368306658915,-0.8531258020251241
-1.0288120379359447,1.9023289339010523,1.1537619734160103,4.872052287794653,0.9718186274973916
-1.6199541489704483,0.2922111496158554,-1.435739564022616,3.4636670912159193,2.787381432673079
0.4669687122869348,1.4795003245437766,0.4495813695734562,1.4688331042182718,1.3374612972047824
1.3870788730334562,1.348495384684362,1.8316639471182272,-0.20847886605199428,-1.55807896730381
-1.8799145019088828,-1.2570522916561653,-0.998259677095866,0.1957852666435893,-1.0835183101584007
-2.8652309977888453,-0.12226051968553131,0.4077705892096716,3.531461725480833,0.2751265665198102
-3.4802928256708547,-0.457646835102439,-1.7743182336074437,3.9312646912464233,2.0398076529272053
-2.358721763630479,-0.23114377003026065,-2.795633816569738,2.9308499658564555,2.747750784289382
0.43382107863940567,2.481401330564031,0.7293349701912086,-0.03358337965407787,0.3860443041352736
0.5956257140027039,1.5915593575890172,1.7684513803639046,2.869987166381737,1.5206059016598312
-1.1806688785125923,0.7012736310307583,-0.8330450303381071,1.5823880954939864,2.970503879445114
0.4001699178271132,0.20700947303900308,-0.14392762198724107,1.3498171793596998,-1.3454102897433309
-0.2902823509684028,-3.085480941813445,0.5733585218601184,1.5184470520817885,-2.2306705692476854
-0.06403626688827868,0.6645631846615352,0.6649602213472887,1.7786831068985673,-0.8369375305246337
0.07340645806394108,1.6703290346533781,-0.57576641338649,1.423047343011004,-0.1404960870273598
-3.4982889142934654,-1.1181936682941789,-2.6063388178544273,1.1723265836904284,-1.2170642784698442
-1.2041886166547233,1.3981950294892957,-0.2765013017846767,3.145510216033887,1.8467162772779806
-2.017020799580597,-0.49627531279803894,-1.886673742620673,1.7040063059430284,2.1814568738222904
1.3694177603452748,0.5133124251243559,1.028038097868786,2.001633794972829,-0.7337614092572198
0.622821591267281,-0.26573248825215023,0.04659871579888408,-0.2762862957452026,-0.7061821029602312
1.0869496335353117,2.0170389507262363,2.076046057975969,3.3941484312722485,-0.02891202212010771
-1.5778937242259428,1.2381777616363037,-0.3216968992332654,1.4041177311503938,3.2549771700301
-2.047311525261942,0.35419335988165646,0.5348812149191339,3.0279488053601606,0.29433289136731566
-3.1711524748757505,-1.7425699075945031,-0.7984565115191469,3.283273464645582,-1.9507523512748435
-1.6256853395334545,1.2839594469871747,-0.5352309156983066,2.0671021720247373,2.3155162344385585
0.8655073701066089,-0.16376188757468474,-1.9620892357142448,0.9902373142227221,0.6258810591666004
0.6596726144157583,1.057798388740541,-0.8443111666242137,2.091190544138902,0.44478023553878165
-0.7885565526899163,0.8537839340706066,0.07517763802967797,3.237930476693374,2.1897897973245906
-3.0867695677638256,-0.3968897379699151,-1.2105569174574824,1.9332733030258107,0.19915861051947747
-0.5993205490467189,0.8078618540487806,-0.2921445246652534,2.2193301694974372,1.4590250371266391
-1.394437808475062,-0.17380358993325484,-2.7844294496902124,-0.18748390662400127,-1.073015763071897
-2.4965538767368614,-0.5200019268216397,-2.2636162036936796,2.134683501166947,2.505937071265459
-1.905328136563691,1.5226571912945208,-1.2983378192979504,2.5128021263620957,0.6206011715827381
-1.8163759958627583,-0.23545912795828777,-1.7157086053588508,2.020180621297466,0.7118521938542963
-2.267190157463573,0.5525376986743639,-1.6934349980470653,3.3705986237652885,1.207230681034502
-1.1966247398179835,0.3530821634182162,-1.1341404559029025,0.34284157079488664,0.618950476599385
-0.1298174907301799,1.6755354156742417,-0.7442690765892217,1.9888790487523047,0.1927869742592995
0.39037179130938426,2.2322358517716805,2.24202442865206,4.753042916304522,2.0271079949830315
-1.6194398696428685,0.4999154214934735,-2.009655999325986,2.0411128764600996,1.6013897217080824
-1.4477972387765656,-1.6666655741185017,-0.7690764978065655,1.886462700581388,0.2398351236777594
-0.3021857042068379,0.763309138433351,1.5725479134457383,2.653778514265616,1.4564816259644155
-0.6278555228667325,2.321449636427551,-0.20006545602692694,1.8650902403475689,3.566479238638774
-2.2913725388067325,0.31033700169675765,1.5851273811994329,3.3573139710607123,-0.24273959000587944
-0.1414175588001222,0.6769179667863756,0.9085347680201376,1.8311717118986819,0.4749940686167554
-1.9437439218558774,-1.4665583877804114,1.0880638088741397,1.6536894484878304,-0.23338549781001908
-0.9913409631671901,0.08533904378643009,-1.0299665804988534,1.6006062005652864,1.055230334078544
-1.8208522701849494,-1.5254391710447024,-1.9439755666959782,1.2810364536060372,0.40019576411728436
-2.351513268179268,-1.3612435840185468,-2.6868747845004077,0.5467557884193559,-1.2723875010761094
-1.2732191371181818,0.001522933829485762,-0.5335542310310613,2.6859029437998108,0.31419177747264315
-1.9771793739312908,-0.8467596591686476,1.2843743394429876,2.688525605794316,-0.030133769989680897
-2.6488533820177906,-0.8021553874481561,0.1817510902971367,1.6949438450293592,1.6413687845855882
0.2797251167120596,1.2638364843818204,-0.5548763445215373,2.0730678337134263,-0.37884485674981616
-1.8316176869168517,0.7037653007917087,0.30734312857856194,2.5665882796698454,-0.6100757324781774
0.6335265348242141,-0.9482920266118128,1.3732158390663955,1.7339695738156773,-0.8449986249411593
2.2335354705980492,0.1482592044607023,0.5495245638806369,-0.9406626779622289,-1.8040162522487564
-1.3461154857583575,-0.24721847703855526,-0.6577395322224904,2.5090105144327666,0.19285919709890792
-1.6268981937383349,0.2291451276914654,1.0634838108206632,2.21747909670329,0.21343317773186601
-1.3730909680211245,0.8211225335062686,0.36043725735161003,0.5013073908232797,0.3494066189870473
-0.025662226963419577,1.3946766703134186,-0.0016473876970221624,1.1699730685398853,-0.8261415864396414
-2.1795606152091738,-0.43042855061377505,-1.5367103130255386,0.30782359043116214,1.2924195569989962
-0.07878817010424655,0.5782098529650584,-1.7155216240398827,1.4879475562693567,1.234319078829535
-0.3194448739971738,1.4410242874281658,1.0765449594641767,2.059462287396468,-0.3764079879784723
-1.6846673205619365,0.8008610146155576,0.6811885008492619,1.7455736846469823,0.5694177149185529
-1.6580885836233852,0.1811342009462152,0.8511016800376366,3.325457538546111,1.9606936274143703
-0.9400836065449614,-0.048704289240503296,0.3166033149925255,1.760364715969363,-1.2351469305357983
-0.7102303858592791,0.1831358531006497,-1.3955680749297459,-0.361826302601042,-0.7745108213264557
-0.19568176064211285,-0.48520153705188296,0.03182069035746443,0.5642808116433244,-2.020279409909143
-1.3785536059682173,0.833997953752279,-1.1182253618390656,1.8224775011797933,-0.35687604349017354
-1.887240828221088,0.9470856936615414,-1.2590921696957813,2.511255674732997,1.090535608139822
-0.21737567619018838,-1.3335701704944274,0.7441937857037675,1.0352728064757777,-0.06094413319809136
0.06674850870351334,1.0073172241117399,-0.6646438008536477,0.7787698789917681,0.3356213892971023
-0.6934076007468708,2.627875447320399,1.770067033468727,5.462345123501624,1.5619214970872481
-1.1636515857141172,-0.48385266031473007,0.08746796798727452,0.5632190465171798,0.606981734651385
7.050727586599415e-5,1.2632942796776554,-0.19398968420431742,1.640047280654259,0.22321547306550024
-2.825289057107177,-1.3510656413617794,-1.5975483999044413,1.5833654320402701,-1.2238156148443042
-1.439449578084393,-1.8928294445779592,-1.1850321922920721,-1.553748448127849,-3.798554392683533
0.30831976188334376,1.8332358666273492,1.9164316851535212,1.9793169084596318,1.2172724348120683
-1.0892921392708843,-0.14812038160924318,-1.7407850192576335,0.7822508139441886,0.6874577831288156
0.15348604745294891,0.9708778973560253,-1.2321783759777891,-0.04387866906524196,1.0382158973732714
-1.3090986783465541,0.04426214806414147,0.28240069150320857,3.14207927192715,1.7817053540562249
-1.2337089349177703,-0.42154836406931917,-0.09048698525019935,1.1450316046332896,-1.6233077826395512
-0.6156377303642872,-1.1620059884209568,-0.6261400423775242,1.8315402975186896,-1.820433967822333
0.0980429761434729,-0.17903811666162694,1.2712863073567067,2.0091004666478955,-1.8045272015547638
-0.12274986180167147,0.47033885264412356,-0.3648603153189324,2.0972114198777527,0.7362370218466922
0.11503096030532256,2.4390713794122005,1.8340547439280006,1.88846875198172,-0.29876858055738975
-1.8120201299794445,1.0354621855729507,1.1289050785583932,2.90529651827639,0.5272354030902153
3.696339810344007e-4,0.6063242672560929,-1.441325495404342,1.3638720067000636,2.428460272815768
-0.713865956686145,1.8857646113450235,-1.9543945113355177,1.5213922800927067,1.6918326283324596
-1.537824079517495,-0.9259968237753501,-1.107351094408724,0.1843075672328809,0.02192900254229238
-0.5058321226704734,0.3195777777889145,-0.4628794790201315,2.288127400433632,1.04999416345311
-0.6255800860261596,-0.8050401662850358,-3.1270557973269426,-1.613190068838095,-1.9316870785571782
-0.6190310686135639,1.5693633005284928,-0.6097599397950366,1.2686453284143175,1.7732557218209377
-3.0777418251514996,-3.202951905345899,-0.3544486640898688,1.9458756580655105,-2.117764527671216
-0.17388916687813982,0.19808750294888655,-1.2779927803207034,1.1482977650202735,0.8207911651181081
-0.9445898302773265,2.2760023417262647,0.8191565680775504,2.586490784448181,1.4434379351782236
-2.985067307443897,-1.5696543396422173,-1.5453766362843875,3.043839891726069,1.6382236458894839
0.5017476654488189,0.8129794184791649,0.6194991503172216,0.20311571983426302,-1.2644107436272647
-0.2784321815715918,1.2816193438925283,-1.4068682206276164,2.0920753617699477,1.3917886040063
-2.375006663082825,0.4007731029148731,-0.15717258918514837,0.04663936269883706,-1.7042826124124564
-1.3606115305826025,-0.1803382501844173,-0.4079966355251819,1.5294057055680594,-1.2934718159268859
-2.7784934664931775,-1.9737328394162952,-0.4727624388256527,0.9205092224124474,0.6881679080614984
0.7359140041839418,1.7051755185980704,0.1714168065688395,2.3435952586652005,1.46187517566967
-2.425426540994871,2.1998842882347773,-1.3865690227038079,2.924858926404595,2.2296449597064414
-1.8261606445979004,0.7021687240927639,2.978323711219121,4.0821650395418505,-0.527001167457258
0.5875654065286109,3.763485524863648,4.445820850502408,4.665967403628044,2.154556017023292
-0.35577755492046514,-0.1561992822451994,-0.7397812338387758,1.6744735694451074,-0.9392821205020606
-3.035653718439538,-1.651794271930834,-0.9635664166594329,1.0970148491891212,-0.5556159913689221
-0.5377080050988903,0.16291221130343359,-1.5474125347579122,0.4220877992545644,-0.6528985844838641
-2.5011725082534575,0.8984894777294018,1.5539370262529655,4.576943332924025,3.093257719887127
-0.04907749179776977,1.5632214895119492,2.090949535801912,2.3296019453154613,-1.1645232075992076
0.25040460587297453,2.3467139107673427,1.1479438055528903,3.3913626518784765,3.0735236081700577
-1.2265287451631257,-0.6209433994478226,-2.387192276582669,-1.1902484748272346,1.0233250608323594
-1.0249502412016185,0.5935996406467308,1.2088092790993326,2.494711183546778,-0.9523616683408552
-0.6347702576454417,2.846833966578094,0.16885519086938477,1.4518873544111548,1.8675726890032196
-3.1796134336290764,-0.9946962018420501,-1.3709837992261238,2.0778547067440445,0.060415400789465085
-0.7686921936649281,0.8768755266640902,-1.7986439717082376,1.5140271437406798,3.174169995158503
2.9679770419263383,1.3548529107029545,2.62884269787335,1.8592295810675512,0.28923036549808123
-1.2562800987418603,0.21984811561748854,0.34670529341197476,2.1428329777830712,-0.4653608180855091
-0.8824289483531291,0.9731865149492144,-0.15229957460820287,0.8621058118426879,0.02509576160418278
-0.38948825027712086,-0.022880436530683113,0.13104872172405113,0.34727539840492283,0.562605085478093
0.12291860748231631,1.4054089607619709,-0.5806597329224376,-0.8374450483547753,-1.2462269927033562
-1.855845976596558,0.106841081453763,-0.42873694642304644,3.244940881226504,3.701068013307218
-2.25165177603231,-0.7454885601956004,-0.49278272222811426,1.7209099377949797,-0.42724601368920623
-0.14332614398792154,1.1264341088008225,2.5008039054291484,3.6099826437280056,-0.4130065756024267
-0.8696264078575207,-1.077334325561909,-1.3841732284201749,-0.27473715175488,-1.906797643754075
0.45727213850105675,0.6839951331491088,1.5214440683711987,1.6549340148570235,-0.19657397369523097
-2.9675365806062537,-1.230800597405581,-1.1170959353839143,3.5611788797314494,0.6664195294420203
-2.632661143423972,0.5473083651881925,-1.0619346007208263,1.9558169054359804,-1.5115901091928308
-1.063298225507849,1.403562732935764,-0.1856411324182291,0.6547617148981117,1.906794524399356
2.892361051609109,2.161288507625448,0.35390150471609294,2.0133921157400305,2.4462188760116312
-1.026345914253314,0.6727639489250868,-1.4184901129378003,3.7045631035057003,0.8552222997094248
-0.5610001133611837,0.7392746793668155,-0.3656558604563579,2.7310650912022902,1.7101268936535425
0.44603569321803294,0.1148531943263858,1.5346037663850618,1.510542349973789,-0.42253370324784434
-1.09876101921736,-0.9402071667583508,-0.4707417796245287,1.4258051994764944,-2.2255127071763257
-0.5247247926436,-0.36731330754412617,-1.7236137294403218,0.7668734016539365,-0.13109240903371314
-1.0771538757753107,0.4800290086163564,0.011874120114136244,0.8756099674135073,-0.5694814796649615
-0.9946081790065182,0.8863726718260491,1.7296224200747292,2.461743041434394,0.2806891098247122
-2.1352838609317812,-3.9558631607217225,-2.5250536005097803,-1.2223279000494205,-1.2789011680728137
-1.2691553436837024,1.0159670097369011,2.602381642845043,5.5873132639899445,0.7935170697039612
0.3371377023795772,1.6665476264380916,2.4574523641611177,4.460515542333996,-0.2679154983794746
-2.5652378243806995,0.7203775223388567,-1.613129671728613,1.334368313995175,1.448585119205484
-2.810804025617308,-4.088778403023427,-3.8920546267471594,0.30958991715073236,-1.33859781448474
1.0516702772921331,0.0617212495780102,0.9792375168034614,0.9221363327652647,0.18962383539434516
-0.9135765438517516,2.967722082281861,-1.052277690713595,2.8989882852111553,3.4858425651393556
-1.474810529620334,0.7334705289975316,0.6276965963236779,3.244530588082158,-0.33700778707752665
-3.058346883825715,-3.006119139780063,-3.6690914594313084,-0.28055205807782646,-1.1907369777261638
-0.765862224053629,1.6490933249758175,-1.278812698401155,2.3373531614890224,3.4208874964192546
0.161626893632701,0.9591782726313332,1.9135883778630798,1.322907175447535,-0.9997911607875333
-1.0943211123795733,1.401609972161241,0.24950023594140397,1.3560136778297336,0.23315131557036795
-2.2871332350905478,-0.8165716086069318,-0.11527802690297438,1.4614788537380217,-1.1414294683912827
-0.41686903715607415,-0.1193876358629169,-2.0064939049212343,1.9203252411954677,-1.6992305749452397
2.034671760197151,2.148921419779558,-0.8311674121572227,0.5792206840592502,-0.42319608944933573
2.3050441382930824,2.9588805161751357,1.769621242636195,2.710761356932474,1.0026321053648195
-0.9849767326683957,-1.5528578989084911,-1.616370429131062,-0.8754077926777477,-3.309855404067842
-2.027191766276962,1.4814152985702749,-0.11400725464621608,4.560553407819435,3.438722080541839
-2.9547886175433304,0.05601020953917488,-0.022273590346138683,4.082266393818588,2.3388730960041557
-0.028580630002191798,1.2441514439130466,-2.041059440261069,-0.24438660094950326,1.5586513671399729
-2.177638419297936,-0.5820911517370824,0.7982896978389232,2.1396865178702296,-1.692806331157868
0.015777734598388715,1.322342684233492,1.5408366924268333,2.94145324148977,1.4204968313681996
-2.6810838522267124,-1.5590194441074248,0.1401387224574353,3.1238784128186214,0.627877920364136
-2.170029637994795,-0.3594002764822035,-2.339970004622952,0.8596322116269226,0.9250527920031709
-0.25038980338699335,-1.0963345685357764,0.5730933232931267,0.2826999164791306,-0.34244871912450103
1.148683886186405,-0.5281000501115709,-1.8628144426880984,-0.5466007463832459,-0.7737067052710797
-0.7574843065636288,1.8915779832805417,-0.2054373898755812,2.719154271578473,1.8044528480781472
-0.19670622325218368,1.20704075497409,-1.3249029631970202,0.742029036455754,1.6838011407352043
-0.3452735822932046,-1.712749839198525,0.35783512457945954,-0.11550042745486899,-2.3821494168646438
-1.2898643918015593,0.32505296117040483,-0.5276327313598896,1.2315414268946534,-1.6400322278461819
-2.210678960981997,0.6618449588338202,-1.8050386356765613,1.6257301556106396,0.6882615774798801
-2.573320319266786,-1.5628564123884008,-0.9466174177128701,1.6863274946128721,-0.8707783678153377
-0.487957413181191,0.29360302704280244,1.0753929054539717,2.353905068596972,0.08642114254034766
-2.863331190250979,-1.8833060308028866,-0.21381151084737487,2.322875982833023,0.8864924139594149
0.7888725084181094,0.946308251722196,1.2413573128091993,1.7357954239885176,0.7152922018813894
-1.6321432660099855,0.20829166053861314,0.22514780832398235,3.5452420212816884,-0.26957052807416004
-1.1016600315389364,-0.30044544360691083,-0.19068578493727412,1.95338749582137,0.0532172517684211
-1.9151686343402212,-0.44366438374349104,0.6362042132368236,0.7774888959739659,-1.059901203646377
-0.141927166655045,3.862326686567456,1.4271874685773192,5.069257329283105,3.9470464524359308
-1.225893762290895,-1.7364996777288084,0.6732102097253208,-0.1664230479725648,-2.0718385361533684
0.324971801516158,0.32591646017926856,-0.2928570427666416,-0.32430384253455435,-0.875099335944138
-3.0422985119016746,-2.3674539548689313,-0.9681275906266428,1.2193871483025127,-0.26002007680349537
-3.1573428642610653,-2.028744517151895,-2.306948765639662,2.0436484341152723,1.5658205990186986
-3.3498318506910945,-0.18306070323422552,-0.3633347779710886,2.023225254338166,-0.8690449387063811
-3.563788433877656,-0.8849931027428698,0.1605541651580158,4.005885954279689,0.09148171048711443
-0.9748798438458978,-0.34728571731863733,-1.5089368517308328,0.8353970830461055,0.10498449317464562
-0.9486148674849886,0.4431515210514333,0.537821056386547,1.4292378087871076,-0.16498536350100337
0.13840873227491257,-0.7962914355051721,-0.15010551380538498,0.1887650235337346,-1.196139187108681
0.9238544508185869,0.31512937768148774,-0.3946310528516401,-0.1042113817219057,-1.2511290312938597
-2.56902590349595,-1.2603106901605647,-2.6771374009911444,1.7002114559503332,2.3585302911305828
-0.44616260389774964,1.6692288568117148,1.2787377422612898,1.7193883884809384,-0.1328788639762903
1.3609979401601586,1.4300852845413594,0.3410077953534681,1.0791796558595044,-1.249672107249454
-1.735214405581445,0.4593381194734709,-0.3697507575508894,1.697447812779468,-1.5284183779125702
-1.5643617835774482,1.7766416518947659,2.680203494191113,3.4629969688507254,-0.6749080039481744
0.008966417057329368,1.1562774815410226,-0.22500294380010344,2.1858457676248975,-0.23735909597291796
-1.9850059984397017,0.3827070658802908,-1.5330927783726946,1.3314576174135861,1.5968702950594666
-3.2329798151314693,-1.4060534155025017,-2.605703147109135,-0.8083015566970035,0.503939667386528
-0.2482523745821792,-1.2392992628003423,-0.8578672191726209,0.9839885749147953,-1.2881847306392107
-0.7473852136085248,2.4822589820320435,0.12991937071966908,3.3066643579717567,2.362439860111918
0.28664815382451714,2.1360348600492003,3.3815160498839814,4.225662646850341,-0.31755192616107586
-1.6476635366204788,1.6217248329859348,0.879894482825084,4.050321542258276,0.7220869011544631
-1.3904360547220405,1.4734148033614836,1.7639147700107176,2.2893180880919894,2.0453597605361895
-1.7261717601430662,1.505350514264126,0.6844940077542189,2.5321136652778082,0.9559163764484745
-1.583898468039684,-0.47344279690356905,-0.8341528747683284,1.8160264858380593,0.4125289836968404
-3.4637608058773734,-0.8111736638387691,-1.5847127348130456,1.604652360090809,0.006166574447506401
-0.4589198678743881,-0.5639489136789595,-0.8301730479624331,1.0487409882824414,2.0498051949056952
-1.761716483689918,-0.2763340191368977,-1.693483898805494,1.397985692924343,2.0233316060490485
-0.3431645113472378,3.0661648560485517,2.5914998066262105,3.333138988837078,1.289028707561051
-1.414778202637565,-1.6623838804026292,1.4843096348014466,1.9658600959862005,-2.0413150094355985
-1.3086102601695955,-0.20301699423797614,-2.687270362583374,0.847612703618158,0.4690387154130795
0.02788499063485972,1.12474634506246,3.060592398738558,2.5066237500605704,-2.3842977875992615
-0.18086654533750957,1.5857875437171196,-0.07854214913623075,0.720703720082905,1.7240566232747967
0.372018567340884,1.6784979644812852,-1.4354622964937294,0.009745267482732967,2.0147567574785437
-0.18827349136416616,2.156877896239998,1.8499023745998708,0.42846361039982805,-1.5521462378194635
-1.5807005040284152,-0.49318905630218335,0.33068127816332255,2.3233510443613596,-1.2736781392859955
0.3959713595615304,1.4143522055492679,1.162406009415938,1.8351765858071958,-1.0178146345130288
0.46090656751577486,1.3054591578770975,0.4997117607740479,1.66000607045034,-0.8407571381702176
-0.17198695395313024,2.1905424044086645,0.06182960004302157,1.2851662952758547,1.2557792911964551
-0.7373994656867993,-1.2820220487057115,-0.20620841431851217,0.014887690507684015,-0.09474184307250658
-1.7741264803414387,2.1091121841530254,0.9884625650476321,4.500911418471709,0.6127238013300894
-3.552289483888263,-0.5182027017122148,-1.75421218433865,2.1903494659479774,-0.03877492648917527
-0.8149207137833859,0.7454351129968038,-1.7763471566418034,1.3168686038076403,0.44812008116084545
1.9366991866419545,-0.33535535467728106,-0.6020285672706495,0.10245615268085317,1.500231509964258
-1.1779299543716686,0.7237120665839002,-1.5259081807482158,0.813262816969415,1.5176331748838705
-2.2580681466699035,-3.688564988072369,-2.0780994992819286,-0.7885764174956946,-1.903635289423626
-0.2377575022170053,-0.07931878012835908,-0.7089491604953462,0.020878554088016976,0.11220011340534605
-3.905306041305299,-2.5296835895882843,0.5263962404101646,1.8212888940064749,-1.797529374269648
-1.8579584158513345,-0.5118160632024161,-0.7025348209631154,1.203917028946937,-0.42004799071960985
-1.77548577606024,1.0724083232440051,0.5600868091799068,1.3588862124979004,0.17853188263917333
2.196755186851055,1.6856575480555533,2.734072823786213,1.7961876697332584,-0.1999089992628417
-0.23725956744431953,-0.5405534160625592,-1.0881485149533687,-1.001660466149637,-1.891092612102252
-1.7591783269948154,1.3279845370679633,-0.5526035461067229,0.4071718339695485,-0.2439353061658093
-1.172486624291627,0.9725392101429827,-1.4379587017818332,1.2885121068393288,-1.2542571702934349
-0.637199342573092,-0.3540633942035146,-0.45141737070356874,0.2354892105259252,0.53022413848221
-2.290761984783265,1.100492254369846,-0.7668412910884892,1.6812974059769008,2.487706522905865
-1.4388251237032077,0.9000889548587682,-0.21056845728327828,2.2491392786701416,1.0636911220696486
0.6670145618983805,1.439102660295264,0.4891072631349799,1.42118112454967,0.6817295694579077
0.9058844452742603,3.783547105323949,1.5726018450807664,4.0579180873423395,2.513110630687032
0.3106919903824805,1.6044377899523021,2.127661974456004,3.58251730662894,1.3308584135406356
-4.111990798876466,-2.9710039239692816,-0.9761860233258332,1.61939562676783,-1.343226984782534
0.13476698743468507,2.8732445206928476,2.885099676462251,4.926512037026978,1.6005215873784844
-1.9605315396729743,0.02122609994379665,0.5274575814475476,1.5569628277315777,-1.544343233919867
-1.535538042078065,0.9105770798075943,-2.0631041145524316,0.07060496911355596,0.983225057183407
-0.6866769132252327,1.2863967574403725,1.1031943120149856,3.3120962361059867,1.1473500240930767
-2.46971619334749,-0.07562072890576793,-2.0958295563972684,0.4535276255495908,0.12328055203382707
0.8655118714494014,1.5152282570811617,0.8826893001574742,0.7178996024378665,-0.36351660060608637
-1.3299714849222686,0.685541447659531,0.28232887750495844,1.671370868345956,-0.8698579616538004
-3.222228661369149,-2.4180539305472415,-1.5914711400460506,1.9383771796115825,-0.3988371681683994
-0.14903694494341468,0.14553585432959276,-1.1425430506115282,3.1542809993646626,1.7761086421428276
-1.3066295137974884,1.3628732006825857,-0.3668363115269242,2.5239119092645006,-1.086875138775021
-0.3612962401644262,-0.34209362878557925,-2.399731352229806,-1.6290471607560504,-0.10114597017273866
-1.2348019527633343,0.20500050235358458,-1.2835979110069147,2.014278308676196,2.1917515011215865
-1.2402045894278038,2.0411130809311544,-1.0097505218647351,2.0308467454216332,1.0984259236831193
-3.589105850380288,-1.2391818967509938,-0.36222721948673053,1.7057686758084185,-1.6540097709167039
-0.8586651689861914,1.2073329091203302,-1.8067342203882206,3.808492928847251,0.7717472822129662
-3.313175666425866,-1.2930846327686525,-3.0494861639200908,1.0425567477989128,1.0360531258310535
-1.7917374987268964,2.093111027420806,-1.60685365037665,2.880646230520214,0.4383318045250618
0.09562496412890154,-0.0432410667653374,0.6894798666770657,-0.5928562065920897,-2.0336099633258713
1.1441090524469446,3.718020499696525,1.632736230980508,4.46145258189057,3.532278306019706
0.6331406530801811,1.4526496422676485,3.829652669196043,3.5544908073780603,-2.157301226027593
-4.694872268472285,-3.121656965028735,-5.6007644811917805,-1.482818094398248,0.044854906568960434
-2.9783212021362466,0.08906264049372783,-2.0557180087498472,0.5898410888198009,1.1868914745833716
-1.4658448656970986,-0.5928012047088382,-1.7939618882499642,-0.25307761059173717,-0.3871616293738759
-2.8389639813526735,0.9474718774125929,0.17235176886546955,1.2885861936018423,-0.5832022830920619
-0.10427531504314325,0.508321646608999,0.8888156259980465,1.1412059860488357,-1.5268528806394122
2.505668550161597,4.690731080662512,1.2254771552013852,3.01661973038253,3.1034551756171616
-0.7342294285224995,1.0949467157259432,-0.7727118352580897,0.6082249748511241,0.25496899038166054
-0.52812187735781,0.2621178393002487,1.0998073938605653,2.469362128684409,0.3125122957169979
-1.5214887331738494,-1.7156537352846013,-2.8922382544973684,1.2800412329364903,-0.50959009171058
0.1681494778060395,1.2930512717707492,0.22659273604755564,0.6351055713933307,1.0026961413958086
-0.4129390150814517,-2.1808507347840482,-0.04737192687181413,-0.04725183977242153,-3.0138278879476514
-1.9626748621277676,-0.3042160063101146,-1.938748556764236,0.8515726289146067,1.0397044252553587
-2.584510668618617,-0.7119228097518101,-1.096978980307073,1.2724155849291532,0.6315578346891065
-1.4513432520872074,-0.15052664878841393,1.930602752893242,4.028146980511465,0.163946474989729
1.9282041316876277,1.598788792328043,1.825923467921951,3.7397049280856764,1.9069139245589888
-1.7749039534414617,-0.1511152061359463,-1.4571256011087668,0.8654085688736781,1.7986423072542244
-2.2809752332827653,-0.7795399786075393,-0.9455493377877504,1.6211898100554527,1.5420085613290366
-1.0034763312279753,2.0406761790151697,0.8711537337000431,4.3606664211983945,2.2225760040983875
-0.14646547020023637,-0.3500198154948807,0.19803918793397435,1.5458967519831597,0.6925704751406166
-1.4988498327590436,0.6906980074632683,-1.1861202540100475,3.03778368781692,1.884968828477006
1.3000328185728887,-0.3209595598079886,0.48140822950864026,1.638194183018813,-2.154818914383393
-0.39636313366408427,1.367324190274021,0.5781949039510544,3.2809262361693152,-0.7594647826164022
1.1063607449237425,0.5938196187359908,0.09969421303938258,1.284532360717372,-0.1704877654841803
0.7098217280899644,1.6047375832658672,2.288907121710941,2.4573697310937876,-0.24344684492866306
-2.4049224721504463,-2.0666227918964695,-0.079445145945166,1.808628651527058,-1.2649580071888487
0.2329396577979972,1.6054938739350235,-0.15457965209287589,0.6296342175170975,1.4171975233504037
-0.15937908263179734,1.1619202410672766,-0.079708237355811,2.3302839508872877,1.2839364488018303
-2.699614935266291,0.31465954746911534,-2.175212908832862,1.1640590227005423,1.0662195628098852
-1.6530923501731387,-0.9308715164664417,0.7452344221666722,3.8054195844198038,-0.4803503163631285
-0.9351846072171477,-0.8318640476299742,2.395171792722782,3.0501972927066676,-0.3478947520595629
-1.8186082973074944,-0.5838067769081727,-1.4420343492891128,0.32114570830023004,-2.4338387288312053
-2.3993925744574494,-2.000503533641069,-0.7917187441350886,2.033186743252494,-0.5079944919053523
-0.8567021229307519,0.3337597939274894,2.7991380719606713,4.701645773779401,-0.3400250366769899
-3.5947132601980565,1.3595008200370278,-1.144040691306229,5.044669485496227,1.6556361408594205
-1.086287374783006,-1.4811181212898772,-0.2373925760528976,0.2798965793858377,-1.0168551829557044
-0.3936243621058131,2.3472086820502405,1.1087611204966397,3.9020087076546455,2.2516311404052947
-0.7137442611161668,1.3505548570591368,1.352717539973518,3.1175800922045314,1.4778327924394687
0.9965369153919468,0.8462673833189864,2.2885200382702617,2.838331683697496,0.015894151352790264
0.4785134830483546,0.5381059881530674,1.738043221927378,3.7951843254183046,0.27918692890957986
-0.09372970743989795,0.8727101052180483,-0.03729082450375021,4.074527046906826,3.247310313605379
-1.8364353536184175,-0.8254757328436492,2.3747089314101335,2.955582918663538,-1.279467566587416
-2.672495803621091,-2.028914563759766,-2.1543730050820664,0.40904227750306377,0.9448889107692745
1.3283167537127183,0.6833433702199273,1.455699182438428,2.997892920949723,0.017811854391410115
-0.20148664240768543,0.6600059717913082,1.3564943921383796,3.1183301377508874,1.4535746090309445
-1.6497226978897461,-0.7037254477289844,-2.9882814138619,0.6936758015203024,0.7253352872108939
-1.0025992564996047,2.592061543511274,0.9148097115194361,4.772888302804535,3.8222088992188747
-0.3210175714357011,3.089990415101601,-1.702778985335479,1.776338933894765,3.742578333086671
0.600634275861279,-1.0650248349112044,-0.1769324311841638,0.23377828205400775,-2.4449312548636333
-0.7249632140567382,-1.2309048222837875,-0.32893704463132867,0.5424815172881994,0.3598589484692305
-2.1082771213821614,-0.41607965112499956,-1.7364666866889493,0.7386147814404473,-0.945434753252734
1.1233262080611446,0.06676997585105143,0.5650179731599626,0.23998219192261017,-1.5883674376774104
-2.3102359557650014,-1.0612642534019385,-1.5155326186481481,0.3842642946111161,-2.2743735478975715
-1.405132569135605,-0.1082322956664537,2.028065361221691,2.6253853951316013,-1.46916702937949
-1.5569270223312563,0.24194328073010662,1.1445315334767443,1.7899521963308376,-0.26178866276583346
-1.6971501235278894,1.1257176781086797,-1.3484354427459295,1.9422870097927998,3.1880314868715995
-2.0984957088660856,-0.923536433951993,-0.8071689111608138,2.8901485715538024,0.5213174359304771
0.8494883019350588,1.9679167703285265,1.2548655331268526,4.461095570023278,2.9213677864320484
-2.653755798065429,0.29014281200877945,-0.3049970553404984,3.044664201280549,1.2820099543589378
-0.5146539348542665,1.5207726625599696,2.0567194599322183,2.9211314683982423,-0.8611879608116532
-2.529172670365484,0.011109067266163342,0.8717696168880497,1.5255138337735052,-0.6517192218439084
-1.9930511497345904,-1.3299712838646567,-0.5777133314132932,1.8625299524187326,-0.9699790326038492
0.828747513748795,0.876131771970161,-0.32999263392858996,1.4704838364425832,0.7870552737068685
-0.31687911841357075,0.425069314188253,-1.290257143528116,-0.5974165333615467,0.35779118084119177
-1.3310078124529654,0.2667722775440766,-1.6475440632824143,0.5528080809677018,3.066773948496432
-0.6747682731903123,-1.3782152341329708,-1.585543413586512,-0.34589418458338117,0.22001485603762538
-1.0717555364517186,-0.6384634949401006,1.0324710385304803,4.185167898475194,0.6309081869168527
0.7242924778759932,2.2651022551446984,1.659813846335215,3.8957851650650364,1.046614456515598
-2.261814968180674,-0.8151553228645764,-0.5220654620093546,2.169745780740942,-0.9746368588026363
-1.1189375615233066,0.8482591529152637,0.9543428606131775,2.6752917126797637,-2.101773871417938
0.11415174451670085,0.2497058638859462,-0.7437024722716429,-0.32828753913484987,-1.311921299556525
-2.412063241049727,-1.2146636438752094,-0.10277020854698879,3.330656594522556,2.0386915006504593
-3.4339818288021933,0.6386167030862225,-2.838561510413459,0.5912552599422198,0.8919244524888402
1.7404332946668062,0.6682802652008379,2.042166251701347,1.753984583361138,-2.0175065556817535
0.37166755058944667,0.06104017867208075,-0.8027010312040721,-0.16271726683030363,1.049567339502759
-2.0304663329071095,0.4331045760123752,-2.390900479915952,1.7633619059641146,0.3519989187557976
-1.8376063419364828,1.5743825093456825,0.8321954617731891,1.9240366033420029,1.4713871585287221
-0.6373927439353414,-1.6693280408637987,-0.1596291822979821,0.5559533628642177,-0.8496085219289314
-1.3920822006273401,-1.6775574911922573,-1.018451777673647,1.3088055815982345,-1.5088995218683525
0.23685870156104905,2.727315915819402,0.7396805167780287,5.141186133675413,4.587958088627811
-2.0030447596430903,1.7456609814989394,-0.8456201451090429,3.4939837692402405,1.9262087945738409
-1.0849922061368256,0.6513809904163821,-1.4971037218382701,1.64091865856542,1.4883252808520693
-1.7122876555115443,-1.6433286179416973,-1.6143805166607037,-1.016009048879498,-1.2099979804994367
2.9152361103690376,1.864267768837732,1.9955768178281956,1.4474828034748213,-1.5384107639812863
-1.6579568138735494,-1.2374275283275122,-2.035984557523172,1.7455309854788983,-1.0481526281997926
-1.2598705410414706,-2.73604939070293,-0.4818192713121644,1.3916333928102562,-2.057419831636485
-0.061624765184673524,0.8401319967981734,1.4655192723888453,2.906380373453139,0.9389929783489651
-0.7527180240158191,0.8776001663365031,-1.2347593301610047,2.481362711520444,0.9383905983697384
0.9596109402918036,0.9018697231860928,0.8821754742196445,0.942103922212211,-2.1277999347063212
-1.9831398818273929,-0.15349492583047375,-1.3361480153235732,1.6595945303568425,1.0997767161039849
0.04876355299087498,2.607845929300984,1.6574024123763689,3.7694800959881443,2.623270206371825
1.6011020115818686,4.432665219998125,2.2073040894123235,5.7862078318340915,3.4741355129051468
-3.067085126186277,-0.2357912400867343,-1.4219442317513633,1.0065029360796391,-0.15518322646096153
-1.5493054331104108,1.436119711078224,-1.6122804504669248,0.6893047632414011,2.0762224781976406
-2.7123457546020466,-0.936756140090706,0.32539490287912837,3.616100603401067,2.375879051218814
-1.7272269840147259,-0.1261585941459038,0.8067162525322368,1.6057649826655989,-1.6732898057138346
-0.7856792466091731,-0.29211374577742366,-0.18931061796954016,1.3418445935202155,0.575062540875587
-3.3513015501369106,-0.6635854896424149,-2.1822446290798223,2.3759450969787905,0.004865304586386204
2.8464234751655395,3.419879500299295,2.6505027502770684,2.697385788349198,0.4012861798262517
-1.0257301862418156,3.912954855967539,0.41840414137143955,3.0086670966301594,3.372968316627348
-4.389406230822667,-0.33209486627422824,-3.6314349642208716,0.5955530988010458,0.08051784373114798
0.3539208913688714,2.341520958732899,1.2422548828559115,3.327566381027265,2.200100123880127
0.3825585452933691,1.7868476204489747,1.771112634455522,4.282149315007601,1.4772595226852865
-1.1051600789550247,-0.6253612739749485,0.6115146657514448,2.6294308459006994,-0.2585159478700846
-1.302486971487631,0.09156056883901781,1.7275528276240308,1.7797458155234147,-2.1474431387633373
-0.33453484985188253,2.439241900564438,1.8866845802788759,3.6688051920671763,0.07927794657176976
0.4634234362371381,0.5556547021663363,-0.17523823723776621,2.5897832770192792,-0.1134120789602708
1.4090253911211643,-0.7002112163774291,0.6350420698467617,-0.4898135554650678,-2.327621171746587
1.2696735062078137,2.154720891013558,-0.5308171302369286,0.3417481789741308,1.2091810362443716
-1.1803293966049158,0.040097367217624386,-1.2713134049180246,2.5625973018169477,1.6391289695741902
-2.033462027142711,-1.8903660851481456,-0.12395911068266631,0.8119856497689978,-2.5129784107205526
-0.8237338509167073,1.6112658586200763,0.46031489736804687,2.2375915164431905,1.3180108902829462
-1.187917110008117,-0.18275530667603918,-0.8209641519041002,1.439435997167363,-1.0404628230517483
-0.9806385782357192,2.3597179542888402,1.1476143848506672,3.567965487606333,3.53940374202963
-3.1293565748225687,1.025460171695543,-1.1203472526503355,3.7923838373475425,3.065097220620061
-2.7758307305470553,-3.426430662077501,-2.869119476595601,-0.7636191075424537,1.8464677858927319
-0.37577300661457524,0.041454466686408814,0.2933675734353175,0.4078565832957377,-1.5006100450712478
-1.3326355250375461,-0.3686089080661623,-0.8945827473997103,0.12227624452096486,-1.6206653529410313
-1.1535288284064178,-1.0276241443175502,-1.3562440033874266,0.19483382456286824,-2.461677256039398
-0.9137413161439665,-0.2498408766799346,-0.6011574940293869,2.099651627075794,1.7899379519879945
0.11895019520199135,0.39766235804296823,0.2026141361953253,0.688878753584206,-0.3960947152041542
-1.1129324326001768,-1.828120433974128,-0.8898220802147255,1.1714330652320566,-1.631375863674803
-2.2436504647348814,-0.808230507795885,-1.0208167195999027,2.620782725659181,1.6871009649272064
-1.1122045813329526,2.137672627367269,1.6441575398436403,2.5577819239888804,0.4702285490729655
0.19225567210360328,1.2406659076055528,1.389438560057536,1.6771206850242613,-1.3502808661332646
-1.1085744023148154,0.008897757765736258,-0.35117885588430325,1.369504102462984,-0.8904358670374267
-0.9065107590443326,1.265069063650043,-1.1248508941428195,1.2736746801033603,1.4393546567577382
0.582916542621039,0.41078552502644333,0.17421400178700008,3.776118384082677,-0.596424182643622
-2.4423795255684393,0.38924284748223004,-0.548147711420478,2.2567369681179836,0.9893930961587944
-1.284455418588991,0.11278554584139344,0.15278732971682452,2.527823933384079,0.8888800625398677
-2.553726115699959,-1.0065308732337632,-1.0986760340505772,1.4741526829748026,-2.363879020464959
-0.7904961180955538,0.19616842190250688,-0.6626158158166376,2.655982995813197,0.7506155090883119
-2.498495414075415,-1.7886571818705415,0.31252511236132574,0.07867577597100595,-1.1944532474820095
-0.6777859818129515,2.239451694613112,0.48067320196280483,3.1736269708251754,0.8807379065200946
0.08956104437403622,0.8650697853621337,1.0344026664119568,0.9312286747836369,0.84280669123411
-1.0890543795045955,2.856953996502231,0.5903514202537864,4.850691519213269,1.8978003178322997
-0.2061933262193003,-0.5250613458228982,0.8651795193654229,2.0462073230419136,-1.2982807725602037
-1.40569310617639,-0.024038830593729688,-0.20420860031379523,3.361012219681667,2.583339660698693
2.372402581207683,2.555994809944452,2.100427672948366,4.422532369283987,2.828976539651738
-1.731473526704409,0.9773228063818681,0.9555028259106063,3.062929225804958,1.0166245518612618
-0.5711642697483874,1.760949090781191,0.775319794706773,3.133145979533805,3.5041051737633535
-2.18246205752973,-0.8411422868258916,1.3816107627088976,2.256008848463386,-1.5394588954887547
0.881503690024803,0.2987168826938039,0.1305992651783653,1.4129685490582236,0.5601323267670353
2.561669069052029,2.8305152376107934,0.32447066731156016,3.3972971858685295,1.9899997722959881
-3.21403919992649,0.3881137662385338,-1.1672055112373476,2.7803952122890796,0.7086870872647912
-1.6844367778705278,1.058823520588641,0.8531118407316484,2.27052522673389,-0.07758334846135342
-1.459686891729015,-2.3138523959594126,-1.7518676998337646,-1.990187742789926,-3.4357611271854114
-1.078011313161375,1.071927431500357,-2.242449809295074,0.6848797036153862,-0.4804606973351865
0.3523050035061184,1.3696530458959284,0.03323630545058409,1.9613248095684694,0.25633253496207187
-1.3806487731810164,-0.842902917520521,0.12118826521697779,1.5541174225040986,-0.2829350622132508
-1.5781739655358376,1.8352676495249147,-1.0390198494105818,1.7953445687917438,-0.2605828221087154
-1.062754846876657,0.35620626734652555,-0.5669630906315903,0.6277704642365298,-0.565826677155783
-3.7782876585027667,-1.9818956635290634,-3.7787706582359566,-0.052899492414218985,-0.2756741996841773
-1.3656678162647875,1.1930613469894165,0.8752097288995072,3.1877495559644453,-0.454017079020151
-1.142749276145503,-1.104071639041583,-0.6628889292753765,1.3295613813138911,0.026455768133326285
0.3960983832590521,-0.6012603008883127,-2.1626991305575194,-1.6369352580231216,-0.6034901313222499
0.5065815959434983,1.9857628862173429,1.339951242059425,2.2205554758296633,-0.8532039713567975
0.12778033404479583,0.9412614170087759,0.7601515286465897,4.376984689776629,2.016255665072354
-0.11514266111181837,-0.5212582475797081,2.3511474361462,1.8712603571082838,-1.0756771036099861
-0.39138968732537915,-0.5283569641980239,0.8113913267158146,1.2085974373158843,-0.17529829541113753
-0.9486876000088391,-0.2811905623679174,-0.39840622517863744,1.8074670678789695,-0.8181516292784364
-0.5257393623210582,-0.05670317160467836,-0.7441831551333736,-0.4099781437019032,0.39081708324388875
-0.6978929206929781,0.9940447720549761,1.8033150939502325,3.3884476976385085,-0.11184885097669875
-3.4728799053424773,-1.3450900899903213,-2.396347622590562,0.2061754352448253,-0.5740094504237048
-4.730666545113182,-2.66431304576838,-2.4344308480944297,2.4987947920737943,0.6425195250570587
1.7874646124471478,1.6053051489879526,2.5547369610623973,1.6949964362623702,-1.6548909046130647
-0.43492999343992855,-0.9613149602028969,-0.011978945441464217,0.8876564684012012,0.26747531378373357
-2.3681732925255634,0.4713759086447957,-0.23626656545902885,1.000561032070241,-0.3730095005223556
2.3032316487853164,2.421921215602677,0.903818238051204,1.3961405458611487,-1.8695041615226118
-2.7388551173713696,-1.9434278562274576,0.05531930568021809,1.7969225660973263,0.3478062616833809
-1.3594648484863772,-0.48516793306686623,0.8258176756865703,2.5977159162087107,-1.0487682185178953
-2.471260037423794,-1.9840994666503984,-2.1171789462046458,-1.6832935499511124,-2.020931527849117
0.24747090941821615,2.049777578986401,-0.4311822459689647,2.4155259223720704,3.8772131371321903
0.7159517145874454,1.7150771115119308,0.6624122252749501,2.5786477547236584,0.8612407759566315
-1.4326952300013711,-1.645588121933279,-1.7334231044242303,0.5121233182709848,-1.922733062705123
-1.8596764080782637,0.8185873501703499,0.6878646235102454,2.5612605050861057,-0.5240470449255277
-0.1721178262244889,-0.6367342285048971,-2.521532213724771,0.5541845365441234,1.4254049505488735
0.10923215217910864,0.9298684057505932,1.2328561811199412,3.3879323867921602,1.38174521483595
-0.4511191835222763,-0.5179640074052939,-1.2277707095023587,-0.23812329248873465,-1.796674737954568
-2.3057125225203436,-0.6168503517552476,-0.4448405215390433,1.814469627195699,0.5799998630009268
-3.357246312393869,-0.5730259728113014,-1.5657942596619825,2.308716892502823,0.17200902547104385
-1.2361339934178845,0.831626193289452,0.41361962794278273,2.5388206964381776,2.3476149124093726
-2.608979856443486,-0.41827751851598616,-0.7989487392926147,2.4025669955352686,-0.2849397825023985
-2.046109214819939,0.9910612084626523,-2.57997271747363,1.4204511359812888,2.8554861342210516
0.05347892311123004,0.8462082428832589,-0.41465591246704003,-0.20786935247742533,-0.7130203629418944
-1.2172928962076772,-0.10959410785249224,-1.335303689080003,1.6923405521923756,0.7227168814513931
0.10930790755253672,-1.0961762132705548,-1.0045268033091395,0.90193711520524,-0.8933530124903369
0.36200692342859075,1.375926440516948,0.7785230483905133,1.6158489088235772,-1.0203829364694286
-1.942841396790158,-1.791893402992907,-1.340082668608269,-0.2467744050214511,-2.0199324072400135
-2.0142006398550034,1.4090802090177927,0.2713757257507461,3.5275753526148543,1.952059025077379
0.9438323873946741,1.31793344818231,0.9362079738814398,2.6200963449268793,0.6678420386061813
-2.1523112114299128,0.22044326759195376,-0.671102848130172,1.6314456660742316,-1.040037590335315
-1.1056486434803363,0.4123835044356927,0.6604279401409648,1.9018012592644862,-1.6616500527979383
1.0785656345502754,1.8701501691233555,2.435158310800302,1.3763249652560354,-0.8606996493890023
0.05958114431583339,-0.19420861419833735,-1.2763802282609036,1.3946238786160048,0.993233086648878
-1.0099283158787709,0.4826605439650809,1.7316322686952201,1.5003002280734634,-0.8775559304164743
-2.3585540133031637,0.5606090023893354,3.011138331063603,4.021572353114537,0.045149818993454244
-0.882144125551198,-0.6774482451979528,0.02746951704689185,1.453124794069123,-0.3320855939201466
-0.5053920251343538,-1.5872618690239202,-1.773701563224964,-0.393731708030326,-2.3022976004196343
-1.8437298192382707,-1.6202519971101386,-0.366285108370235,0.1428058584458194,-1.5051033709892816
-4.314283303532668,-4.835576727706594,-2.3867401890741307,0.9946429806928065,-2.5911946730913704
0.8053401281625958,0.3508802226486877,-1.2081181124898928,-1.509347590294006,-0.23653308038886953
-1.2624282690934705,1.022382687739416,0.5681378367397605,2.132131310380441,2.1174334392220238
-1.9538906856160687,0.5558702964206022,0.35989777418484115,2.4676116651619315,0.13044494885263014
-2.051186559464491,0.006790458265898913,-1.4200104960592,0.7160647847169037,0.30214137147335274
-1.1377869790223125,1.0703459468257401,0.9085061936935129,4.591086619081292,0.5506642170486264
1.0625944047275968,0.8068289155980424,1.577514145003232,2.6455225196142114,-0.13557116175484255
-1.2780500172802176,1.2321720820644542,0.8350746646839945,3.196817552044809,1.7130368263863718
0.3850468438988346,-0.24781452319570474,0.2384709653014223,0.9085603817854959,-1.1369965743402037
-1.910694534409826,-0.8859475590234586,-0.42387955111534104,2.396597259559722,0.21598948167835047
-0.6433722432810096,1.1241262792071998,-0.7706527332326073,3.0647381479370726,1.7966044721624725
-2.5049361658096965,1.1880176858238152,-0.6835664152157038,2.0287124703240798,1.4239299297968773
-3.6115099731874585,-2.1504235459465755,-1.9055004761214889,1.962360132462779,-1.6287150165057753
-1.0531052447858562,0.30263359358454606,0.8945259371587283,2.8555256408097254,0.5719244622833243
-0.5480561212343158,0.18639824519644366,0.20445919619496056,3.529818253446215,0.3455672749210862
-2.6445807571125766,-0.48720827515531306,-3.3782545156302586,1.2644892208438672,-0.444836817006493
-2.1197206883604576,0.10786134492875643,0.09916374152325363,2.454779496176258,-0.21548977859199545
-2.084854442845902,0.2684692058532418,-1.9662791373394337,1.3085593556202593,0.9461937226233291
-3.542365978886303,-2.8541650770709937,-1.5434206732076539,2.3329739907656437,-0.6060261451852168
-3.246493111482952,-0.5799884714672181,-3.1610488110300614,2.8133002189152085,0.8961607704706634
-2.112953411033203,-0.6643315799824897,-0.7553694469933956,1.4567195478894903,0.9046659362689426
0.26825574172450484,2.035849887391387,0.200770155386366,0.4158500939456262,-0.9587792255550552
-1.6324102775012483,1.3055221174768494,1.0892290438302248,3.025504233049367,0.46784676737961894
-4.03092399733206,-1.6394577820016822,-0.8157389752701885,3.2304884308166546,-0.3169148434506168
-0.4241825144227429,0.4143664971971668,1.4075695969687492,2.3536603273517684,1.3564301604394982
-0.05619881749023736,-1.9955446607637244,0.9103877372837529,1.019374720031644,-0.08682720652130835
-0.6408975967198127,1.6806952146806005,-0.27861479764397495,1.788144156390658,1.1219999381380472
-2.076705876992606,0.40001267334616003,0.34838766162832735,2.331821224667556,-0.3393184373969461
-1.54912807506835,-0.9321571178935647,-1.3724346961929204,1.1356774091788833,-0.01690727533823924
-1.8427969064166665,-0.40087385280980403,-0.8447851545254031,1.5879272503339288,1.5954721607912894
-2.383860034389791,1.6331169585023155,-0.7596202360491787,2.2263333299213035,2.0872733096984333
0.599001990529892,1.0421013633428244,0.8188916314560261,1.472199027952687,-1.4590755428913593
-2.4394517665338302,-2.562309888340196,-1.460155746073958,0.44051078239620445,-0.9391892348677259
1.7807819691409834,2.5653540086340048,3.1882653511967027,5.182920808152412,2.9772208384210725
-0.4962533648649555,-1.6056360903664793,-0.4693664406120648,1.1446844098784004,0.023891266450347892
0.115386322871732,3.68388170242039,2.461628526633955,3.6388877787041025,1.6113378750011067
1.436037755239694,1.3247887845281374,-0.12954451641928755,-0.05991622415969311,0.2486807719542264
-0.017631486469597335,2.069686174456462,0.7684907319914056,2.308471592718093,0.2510258289988555
-1.6042306603860852,0.6170075022086122,-1.105424614500552,2.689796535646205,2.252464156028712
-4.658976897754832,-2.69135237333755,-2.345888446668466,-0.4089512317527688,-1.6160045623916302
-2.7061672506760104,-2.1291439589933066,-1.29020074298964,-0.8006064055590285,-1.5383990778089953
-0.46723838559313624,0.8217561867591597,-0.9461189230913135,0.8118106779652959,1.2317822450488587
0.5620037177287631,2.362556190057458,0.48248020158891036,1.4481842059883687,2.8310452462227733
-3.6684678650628344,-0.6630679707089362,-1.0966843261409607,2.1211448435681013,0.257364879121748
-2.8294893178299563,-0.791042599899526,-1.0396156771485572,1.5271715362922227,0.15790151840056893
-0.5252897566242862,2.682490965712196,0.6668357961851488,2.5422082913945547,3.2588397989174043
-1.3314145203902714,-0.6185713870100695,-2.0090321270197853,1.4923627896131408,1.1129138746959735
1.3295622611709013,1.6268197925036394,1.7588550915688175,0.28202651044166593,0.48286034894040597
1.0915288409193613,-0.039328289051638765,2.678180765079854,2.1925428069413724,-0.8383984153378677
-0.6203075872754833,2.0573476388487077,1.5300425320556683,3.2791188182930426,0.36635849258367637
-2.475220359407377,-0.3320251146615387,-0.19264128339744382,2.90478571494051,1.0645856808518852
1.4200565147237942,3.2029525328969615,1.2179952027470464,1.6219154034732213,0.14541533443204024
0.43878572731209076,2.203966306610158,0.8685819093217028,4.636030582521782,3.094253816770083
0.6593466784430473,3.523661734299532,0.9803398898943855,4.538088612962704,1.8031464137018092
-0.9341245530434834,0.9406953913644156,-0.34399452577231987,1.4618028459937022,-0.6751607550969749
-1.1098588737869475,-0.1951956867315603,0.28790008526758154,0.5478237364427041,-3.3359507852946004
-0.47137891586845027,1.0371894046162913,0.32863969647451385,1.9316760983623598,2.5663627364746087
1.1476414302804925,0.9900461432376825,1.1391296904166266,1.1203939179494387,-0.41572538764645794
-2.6998097383300257,-1.3152298299463618,1.0978744803069476,1.1845249685446377,-0.9277469195074571
-2.1380672848555973,-0.06115316412065713,-1.3882746939917818,3.112792999174487,0.5247568845566949
-2.469930018168465,-1.6293540867146628,-2.2941902698114784,0.29200812800733034,-0.8237061731597773
0.1632518708491577,-0.055762608140424386,-1.0338843237580269,2.276831396904091,1.1870197465374575
-1.473449016624774,0.9098476323312231,-0.8528193094520092,2.255680160131473,2.2540953980921303
-0.7797367096768671,-1.8203384856741494,-2.5210491863885127,-1.301781311114475,-3.076046600874009
-0.02039922137818717,-0.4049102745034102,1.5096868638908978,1.197294874738961,-0.3234325623537737
0.33969823526783194,1.5294668058239833,2.819479492352229,3.1636776028218314,-0.6639654694867905
-1.6566975256808354,-1.2092766966890691,-0.31125289659298166,2.1282915709064447,-1.2168443271041434
-0.8506103138865808,-0.08444763530008803,-2.4540091023372277,1.9319029830556358,2.9186863593933903
-1.1622512893808379,-0.09130348059279175,-0.9379325657963409,1.1261741734813335,0.03104207651022564
-1.562312018500577,-1.3010176040114465,0.7688294885554509,1.5100864680361732,-1.0510578367437813
-2.4474413070444463,-1.1681530737600365,-2.1783158486560334,-0.7000724062736017,-0.2872197253298866
-0.7995811317624688,-1.5390206555220947,-1.568254398720169,-0.13452869429899805,-1.0217097535881106
-0.28285643918980163,-0.04615064356790116,1.29949477606793,1.400144249703854,-0.8275362782649179
-0.31393810161915303,-1.1038840872641296,0.658058590131378,1.0482420213036394,-0.8330674130514336
-1.9768439870615984,0.7441500465144195,-3.023969755664894,0.5523345287890302,1.00709323792871
-0.5217433924359499,-0.21652517749348277,0.24859439914492576,0.8673646727218552,-1.3897289225407634
-0.4887616777754563,1.0457858786442145,-0.015331821851514715,0.9618069266603584,-0.46294807618170697
-1.9994237117572504,-2.3529392686227624,-1.0324647591250709,1.4343107380338112,-1.4707448788355082
-0.5214997530596837,-1.749331649488616,0.03896068151862142,1.5112584171657415,-1.6727217589760528
-0.839309624036422,0.7835249686301706,0.5078026117360752,1.3728797481704138,1.7144408520212757
-1.3197646583773222,2.09267612064637,-1.63135567930073,3.7719298865334725,1.597595301477681
-0.24902539870662388,0.9934770417508534,1.1959653901194387,2.2434759098659356,1.2593309886432993
0.6724299320988556,3.4574738918268806,1.0408747339960582,1.0812587446503228,1.2766884639394709
-2.723907145889884,-0.3920451785200213,-1.022573090233224,1.4519950367956422,0.41677643813708753
-1.8477648907821747,0.1394352959895371,0.7569155233485879,2.4722813532728263,1.36979148583762
-2.686439498035234,0.7673783882072576,-0.9495544253892115,2.0626839202081335,1.4722166380856256
-0.716523972900422,1.3756336578400408,1.8072391760011715,2.796917844157446,1.0437416826747774
-1.1814698077439747,-0.10911020734705468,0.7201839788458005,1.6354923321181614,-0.21974692242164964
0.12633695037131387,3.7213982662542153,1.8970480873343574,4.39486289587935,3.9460547604722267
-0.5040592498727923,3.5076381973191517,0.5319060101994144,4.578099170897097,3.4833730405453958
-1.2817093865872962,-0.9053930339694786,-1.0727854961796988,-0.3562902034496853,-0.46693709281073625
-0.29718194353896654,2.086506017991001,0.6025722161273431,4.695353425591669,2.356824069402086
1.7547026812482562,0.10548569638839833,0.8480753944538356,1.840655613456081,-0.5027416551078484
0.5118368880522854,2.615519919229806,3.316581374194843,1.662717778585885,-1.3678393062037704
-0.5253209602548079,1.0994586392135952,-0.006345807288566041,2.680392095304019,1.187269166205378
-0.591879701286564,-0.0675848767361455,-0.9532175868513298,1.806495514450058,0.6664814641973585
-2.9735791771020232,-1.116378929877381,-3.320940840763536,-0.036205034329527486,0.3710244702589618
-0.9835055992038495,-1.7032456478473534,0.10383928672122811,-0.5016373432899186,-3.090114303852965
0.9920494484135542,0.23826194420670097,-0.4957550954085602,1.2167850536962137,-1.8404865502817254
0.6368375159852548,0.8324281113051925,0.21122534717502384,1.9196730664268715,0.38699409312963684
-3.2141102955945486,0.6265230057664424,-1.9256638686174856,2.221166143118659,2.0356636550944556
-1.4358099785757432,0.5544945615715716,0.6970614753862842,4.022941111983676,2.176730806783345
-0.43141825366194997,0.36203123350907485,-0.07628809628265393,0.4031962820554056,0.9017803238771241
-2.7565904576384557,-1.9856278704261623,-1.0657885250083887,0.3551669762718015,0.6260681164987438
1.9742765016607107,1.1853768782411567,0.2352547351914379,0.1851451620178277,0.35013660865583224
2.1889462056445668,1.7603617889324767,0.25451178887969117,0.26709048589629325,-0.4839014335251234
-3.8023018020702555,-0.9477625501901011,-0.8246607275151248,2.159309559519511,0.06985858164110284
-1.9066946551349329,0.2711750560043485,-1.0149246801684835,1.536374165440623,0.3404270109482857
-2.3691781702806223,-0.7582553869195888,-0.8227521536834673,1.700500006607992,1.3520657338280286
-1.8321570108692413,-1.2525069619399942,-1.00269993194157,0.9259158554862923,0.17381967658771108
0.5984144545035186,0.2641288835430962,-0.5042641682792658,1.573768721175149,0.04875548933937096
1.0798000224997126,3.080533844536406,1.2754261263902307,4.9967128807473875,2.865630177345636
-1.210777262049988,-0.7444199599116478,0.3640728432763307,0.774762558126169,-1.9749789436851213
-1.5767211477746632,1.8227616571666414,1.6438586010380205,4.432016377318099,1.645727485232236
-2.36519839696658,-0.07378829666411646,-0.5672104188737955,1.0389292052194228,1.2751987283514472
-0.9591302471451211,-0.42344145515867104,-1.717599300190471,1.3382851177023993,-0.253533901124281
0.5282510107293119,0.17001623496473461,-0.8026693638812574,1.4420016615051456,0.5076985946856638
-0.7994287355437872,0.7459048460195716,-0.19402880367027084,0.7421200733714424,-0.3846636935158082
-0.4233900315263033,-1.7073868502095402,-0.11276374904817099,-0.8338487244805048,-1.3688296223352885
-2.501354667202185,-0.35675283925230294,-1.892828656889717,0.8313669858646564,1.05090236792637
-2.1021528365131665,-0.2784129360229314,-0.8217665173385013,-0.5991671739262368,-1.9720127809239667
1.5459829857035616,2.5195596871617263,0.9071914996702478,1.9923028249133026,0.4815535345859769
0.451132462575637,1.1617567711552765,0.4431836632044662,2.7900980541034546,1.1060555849139724
-2.582396995319411,-1.4436496081136334,-1.517022273320619,2.389758798468031,3.2015940655299757
0.11374737662805656,-0.7349450968861557,0.8639947111343337,2.4687414369110354,-1.5291981932230672
1.674235674114341,0.2680960504071848,3.6556807862416725,0.9695822667835692,-2.7469524307664184
-1.608822494347723,-0.4379718490880008,0.2358666786716112,0.10537936908151524,-2.1986041680133797
-0.3214277565660908,-0.04979882950275638,0.9634079320777679,1.6999521401493873,-0.7588922527961076
-2.452690064591746,-2.322675130677317,0.23565235027090076,1.849551814747626,-1.0276570897026027
0.17200981824664208,0.43428481988352974,4.299864476513379,2.9565496726013896,-3.082342918404531
-0.7582410354446434,-0.5561922497511581,-0.4237909789410865,1.9639304938386413,-0.10827809868459096
-0.6896408766478449,0.5892514046432453,1.4164132082440344,2.3736994647407155,0.9702444685801653
1.365241240358712,2.2384386882725416,1.3118207701917983,2.759002457856738,-0.3068873109129787
0.1290373540090517,-1.6647896173357397,-0.3259842600367414,0.13708496101290457,-0.649151122242467
-1.613475838510499,-0.4821417811287554,-0.27414809806635765,0.982477611047275,-0.4413893158698897
-0.33152242521543385,2.017057410639507,0.20072081343525605,2.6794705051105323,3.670675064636561
-1.8535804035079404,-0.7006951250820793,1.0053624466225815,2.198383568617616,-1.5297291657846463
-1.5650193145814275,0.5461397332592195,0.525761880215495,2.6089939359906427,-0.028216977164917473
-0.576804146082941,0.8685156750299815,1.0968794645180528,3.163956976575132,2.7983516505673007
-1.5446070904431102,-0.500450547555091,0.29368497733260157,2.4358941101618288,-0.6882285248132886
0.1652613682076549,-0.49668818627303724,-1.1573430743705442,0.47237310606884564,0.14634858237656473
-1.0066217566990938,-0.6901495377100514,0.5184450303876718,2.18112723095219,-0.049607049860130675
-0.2458256422703209,-0.4744259446850294,-3.8558087159260617,-1.4282442969599696,1.1579616994600468
-0.40431397204098884,-1.056134335849947,-0.14140596987785525,0.12280391567110027,-1.715554829086104
0.38351533778701197,1.805336109383782,1.1567789077513435,3.922447154963976,1.1055846288227453
-4.214517242124559,-2.308235889362617,-2.9031511467397277,0.6895810503828748,-0.054151711271792385
-3.7863127420122016,-0.9150097884108855,-1.1197348817680353,1.4374179453420126,0.8982691723385998
-3.5743198744782356,-1.0866122741369497,0.039127212490347285,3.397730518683999,-1.4760939512639877
-3.6786138392380625,-0.7833486113874032,-1.958717932754427,2.1741460467446347,-1.6615118433657337
0.43612268433786494,2.2592689842651055,0.5391167139039635,2.713379750066143,2.265495145778766
-1.4521952712189348,-0.18141590024912485,0.35212473613509443,1.909820336102702,0.03068223170386228
0.41823488858958635,1.660973527670552,2.9370321762026643,3.601587019395873,0.929830425496928
-0.18454555053635036,-1.273698125708865,-0.6221144861463488,1.6053203152569333,-2.17594404579871
-1.1459610095849642,-0.6577757585489176,0.8097983885225765,2.071003661230447,-0.8430252294137769
0.4693544447907445,1.7130387538643075,0.08698955716708878,-0.17743728856814145,1.982486183441566
-2.9387257256808756,-0.1708516994824354,-1.6173262638238088,2.0776236149272096,2.762499340497723
-1.9476997122039537,0.5373058477931713,-2.2564346868812635,-1.153835988784978,-0.13749616561019914
-1.2053079529839372,-0.3335318885789925,0.5101808640674994,1.3806393695822488,-1.7416963962682221
-1.4519246248503974,1.0246256542738879,-2.4190366182528815,0.053028589810306004,2.753075470064366
-1.2790229228720753,-0.2707005496202486,-1.3147257829111516,-0.8705688628980426,-0.5946276461900984
-4.891977330642831,-2.4709264936576587,-3.665211719636258,0.4889741981460467,-0.2251335443829985
-2.4378970582186668,-1.8700270124105614,-0.2323636080908451,2.108150970136873,0.04164762507576855
-1.6252670677279109,2.454811356052224,-0.9297240376350557,2.7321664458644674,2.8184745537629077
-3.160642381617719,-1.597089136159532,-1.2302049864554072,3.5365926981512423,-0.3727276796983162
-3.096744625103307,-0.7846377926236127,-1.6803146791257952,0.10292691813836297,-0.0067844304601280825
-0.9068161532699708,-0.5934561552938051,-0.6744624828888248,1.27048548477597,0.03738601402469374
-0.14128171207673013,0.056989739212876894,1.7308937485351046,3.8277458910634845,-0.19191168218819718
-0.32124335142587745,1.3711757739518866,1.7683823111212411,3.478598720657226,-0.4432278465469869
-0.09834783114947931,-0.026449627907212836,0.08937203575689456,0.6621311915058998,0.9229452370007535
-1.0181788944007133,1.3579952556139236,-0.06464599022298317,4.771807282257103,3.3537202608489616
0.021014787598272466,-0.9547148927278429,-2.039548578545601,0.742315644831576,1.9157142129585232
-3.8692896056908133,-0.8959086220051259,-2.9562966742565955,1.9788632593213689,2.3124218803493988
0.6891225187951893,-1.17790436872323,-1.4642013326075842,-0.22096868645718293,2.001681236591324
-1.0598024045204273,2.06491154862499,-0.12205980710568004,3.1452874389620304,2.56805639542484
-0.8829345241726545,1.2634258977671995,-1.997987827836103,1.8609037909783297,2.720621953624171
-2.585143648989028,-1.5243096614597516,-1.7667829699759219,-1.3944913826637422,-1.1240952950763652
0.991949055829997,2.35948420737884,1.6277307310793176,4.216729820365857,4.186186755557221
-1.738670620870538,0.20569013354554397,0.12528052886476193,3.686716485351398,0.8115260108903448
-0.09165715235211258,-0.3515456070905749,1.484028520785646,1.472034531753887,-0.22923135345422382
-2.2123711264475503,-1.2738928248717567,-0.8852096825601145,0.7152070486515509,-0.565577865227748
-2.627515639063457,0.8807392951396515,1.9244616292278773,3.189187578891838,-0.13633015011237085
-1.2291160846890659,0.5159121189205707,1.5606044124355392,2.437084390568863,-1.7960526703492499
-1.5908355873016076,1.191767043761124,-1.7639695616039837,2.800194850409692,2.7296006645538533
0.7093454315733596,-0.008883161714845655,-0.8646530987328935,0.986591858698664,-1.5496895157948918
-0.10301764519064571,2.9766593657795912,0.6621424793621559,2.28772724261702,1.6908431847315493
-0.3064870872928813,-1.947280460115186,-1.3925015261619573,-3.4394343981165427,-2.9429420438856724
-1.7675298519478366,0.11826369835492123,0.18099187498579106,3.5319613227811013,0.6376019639187475
-1.426844783888131,1.7220372205677834,-1.308726805038718,1.1143212901774853,2.791485490741657
-0.7409566551656295,0.7440542710460633,-1.3765215824869976,2.3215799338971377,2.821171906570653
-0.9956357142779803,0.3261915976917943,-0.7748950492636083,2.3671046720275983,1.6112346850561163
-0.6076205890257277,-0.06484333195070274,0.09981095739780188,2.592328235845235,-0.728601303205546
-1.3677860301128473,0.38725952220251214,-1.0112176743862673,2.9484827196398555,2.326078594786464
-1.1709243589216978,0.3307336423586299,-2.002961958776854,1.2125620286956167,0.5124753716032839
-0.6442736312360184,-0.5182922380412948,1.0358605312955729,1.3844462921770542,0.4323064144303439
0.21402791843207902,1.0869351707725865,3.68588654805472,4.805549550791632,1.9680089559687022
-1.4537944125580333,1.5222641984747844,1.82916740940441,2.4908189556044107,1.4014703965139077
0.03311995439992499,-0.561795322554098,1.2207495341999253,2.6871963620249937,0.7204287864097172
-3.047894113866003,-2.588445656433803,-3.849905364891323,0.6744983863729226,-0.7590969421639278
-0.2023029412534566,-0.14806180469810576,-0.9109978830869155,1.0454490513569121,0.013802935413110867
-0.1472722510264809,2.1588576738788054,0.31778872778000533,2.805652466534985,2.424014510728698
-2.8448313392885227,-2.6727816020236737,-1.7535489263974737,0.01885583401421065,-1.925259619372134
0.1959988484357491,0.16433534453579307,0.09986382543832462,-0.27007773010210046,-1.9061206856587956
-3.1803451904706357,-2.481238500241428,-3.722472444530535,0.6822127811036764,0.2869945988011625
-1.3611395659791001,1.7133568764595823,-1.3498703549146613,2.096961493856838,1.264909110395216
-2.230618738713134,-0.8695803587580023,-0.8369989900730372,2.4401199792372568,0.23181319976327605
-0.6348739584364252,2.3249627430987148,1.5122465630596058,2.8264221742852325,1.6621212508078402
-3.6041812476058253,-0.8758956235304619,-1.4030560690010914,2.091625228518573,0.04412150866377498
-0.6377777997889549,0.37692926649665603,0.32330242221381944,3.677422216020273,1.683119763003326
-0.1552459228485319,0.9517633916558602,0.7102617310286161,1.9580175148905843,0.991247441336576
-3.4794963535499983,-0.542519479169613,-2.656880449363365,-0.05242644181350831,0.3549010333652883
0.5371216444965119,0.7655680236906264,0.6852616248514259,3.6642019418260947,0.19105684099845974
-0.9270841756316477,1.6573014203023235,0.5412626808381499,4.23702683456079,1.1335670651514465
-2.414338059395878,-0.7929135313305814,-0.13427371606694216,1.521120127333681,-1.3916071733819597
-0.9760830250387709,1.572789682228919,0.6033826716189723,2.7233053599005297,0.8683506155062511
-2.7495704104039396,-1.4385625892895386,-1.1237375115711963,2.0832941917633567,-0.6981548097981028
-5.631683437215197,-2.4039653527460993,-2.199783435898619,0.4394737809392051,0.28613020848730797
-2.898545784494032,-0.6248259995790092,-4.788210540492687,-1.263797003504669,2.243270269183946
-1.3583898178001368,-1.0256723066630538,1.185234003588615,2.6084302791047618,-2.7659518164923234
-0.040678312592277166,0.062422047491765664,1.1940750368344522,1.231345738577036,-0.889082864812481
-1.3119514095203986,-1.1824729638919544,-0.6205461480908125,1.2594954481075262,-0.5355367422648015
-3.9976913384134303,0.4981504772197325,-2.1600723084307676,0.8362990788082272,-0.4018745844830862
-0.5976314987151644,0.7480250293335821,-1.2554482333558759,-1.2163447907450389,-0.49464568889868243
0.2023187365449075,0.42704935128414634,-2.679274948548648,-0.7803623039781338,0.7733314914099858
-0.6619133088834149,0.46271799140755754,1.2980198776239913,2.755079458721144,-1.7098551020326656
2.45988540399805,3.47481263295657,2.5133009419098435,3.2593893009419803,1.8728152489417953
-0.9702609465312695,0.876950974179865,-0.015603659815318638,0.6329707936957816,1.03493825460252
0.2408558105291414,2.1118340309835517,-0.467248897137707,2.182257366394899,1.784185804213639
-4.0024140332437534,-2.260046028036327,0.5719277522685672,2.4389627823891162,-2.4404595342168145
-0.408401376005471,-0.733254981268631,0.2637415815048042,1.9885108643168743,-0.7882656425414142
0.05761792734582949,-0.3873003635329807,-0.5657387404207241,-0.8702157237596995,-1.0127911484816505
-2.7637237361971128,-1.67124064103217,0.3512033452021355,2.3926283554074343,-0.6845106414163228
0.9309149522862465,2.1204201246755257,1.2386111752570224,1.555814626231288,2.4011888735072358
-2.908738566173872,-0.6960218536779835,-2.798151442420655,2.7642846529190086,1.6631601346861533
-1.5991561761868993,-0.8429250251644921,0.36735058062821324,0.047171146182836354,-0.39955477677838036
-1.0750880363266608,0.723587994859874,1.5954996789196056,-0.3844483871577673,-1.7488527657516961
0.6123220764527078,1.041169052737041,1.1940629141868793,3.407042983585605,-0.701819208848008
-1.1651794575032899,-1.5974159876852956,0.12696571645270227,0.12064456701750959,-2.7163450219342606
1.607030229466796,2.583631760280684,2.6908120704312855,1.7238180703959811,0.8780107325681318
-2.200946133869728,-1.1966123075981518,-2.521062212032951,0.15419089715108703,-0.296981659784315
-1.354874284222721,-1.0966137712676591,-2.936377507016767,0.9901881747000784,0.61231748297966615
-0.006657012232544113,-0.07823141055345151,0.9147010204368876,2.684945447237456,-0.879644248848659
-2.775737631198425,-2.3065162023628134,-2.409344926314575,0.9639539600383816,-1.6486875571400763
-1.377091764765862,0.21995494710639898,-0.7171395939131974,1.3434871999292193,0.2476714547433579
-1.0776938612493228,0.8387899276539782,1.3816417608028173,2.8151094438229274,-0.0639108786239018
-2.5624833681278325,-0.6405443609159919,-0.28103684209037005,0.4763549040354318,-0.6829573163798697
-1.0601583858115287,1.3591323154974555,-1.0554352741725013,1.0543689929697815,-0.6255794675466776
0.13626534974466953,2.632766910036025,2.504550276610086,3.6606921866871955,1.3467546246550453
-0.5848831023772053,0.9752988650075678,-0.11017997332708318,2.132975450395573,-0.015430858833520106
0.867258918533683,1.8531498819037715,1.884528152255744,3.9362606045285666,0.5595109632968146
-1.779395451539487,0.6039807347417019,0.16065161037380438,3.848577308989851,1.1298873538739058
-2.094987619347191,0.04152724255486323,-0.2719171816580085,3.0022136827279047,3.057377971149348
0.28125490917737417,0.08972146010858312,-2.992226873986363,-2.0646321539763868,-0.43289872242149874
-0.11099015148278857,1.7322693879177136,0.627141680596711,3.8959015354811317,2.435530614560624
0.2978560610357719,0.5874315579169898,-1.2637286973118163,1.2793283155795447,-0.09259298085650777
-3.986821730576091,-0.7407804120663278,0.8162649825920406,3.5905053684231643,-0.18063505600794563
-0.8037686658572833,-0.6621703894406005,2.5100657717914863,3.0064151737167935,-0.9347253964610985
-1.2692558790580186,1.8119939975858892,-0.5606940030511907,2.297130798236724,2.5834980136920693
-0.7072478935447359,-1.9499325500274782,0.17229565177151346,1.580781968714253,-1.4200043163894913
-2.700379752378753,-0.06818001000517909,-1.487270677596388,2.3756890656630922,0.42143333055785537
0.7227098531858467,0.17609906276385193,-1.5653027824885464,0.7447527871069135,0.37012412580705667
-0.8211800306345026,0.5473845596996141,0.8813207135042714,1.3535113304185302,-2.910602061333703
-2.113072941511901,-0.7785768033989199,-2.9778469308800743,-0.07061030590253425,-1.157911935533868
-1.4788964691251945,-0.6489195452672135,-1.1225713221573814,0.7989862657378186,-1.4924219712505387
-0.4986172615995498,1.4191603062427776,1.2926651050633318,1.348207351441517,-1.2913591377425484
-0.39785512676234247,-0.896668513923207,0.057532703533859475,2.5225321191676917,1.1218150033858247
-1.7071885241236213,1.1109423901040705,-0.8738730792195276,1.5947246887720428,2.5221446869265165
-1.4115486274745068,-0.14463980025775935,-1.0476464381463733,-1.160917281887331,-1.3920273294703303
0.6668003594845404,1.5215406750324574,1.707164124036089,1.3156416529038595,-2.748114492896275
0.7480379565216071,2.5605641189766324,-0.060450248418291275,0.7609765344631179,2.9628431389891228
-3.93755585360546,-1.6974363283680702,-0.37648856640038536,3.914461337619045,0.004498616528743421
-0.12258944080129464,-0.6011137873465415,-0.5142236022882827,-0.8218384240426697,-1.4668438692477934
-1.8285601540477296,0.08428820654291944,-1.9556518244382337,0.3452853003658387,1.3352006251424307
-0.17715421898531514,-2.180593169867473,-0.8021598257208183,0.4887753078408521,-0.7360882111966615
-1.0846916021408937,-0.1962432086777372,0.4481346596018537,2.324154632765353,-1.5453265076481186
0.7726750108838034,2.9386106781459156,1.5812367684491324,2.999071395594714,1.2258969599123724
-1.4736131477144503,-0.7858452083223849,-0.8320199799452618,2.851509145051205,-0.443928256461524
-3.4907458101826387,-1.0871533070907393,-2.6367448493838173,1.3704792209663375,1.7401910697977374
-2.8986555029943135,-0.3548290055110819,-3.080311755151315,1.4527013671656093,2.9299535903657343
-2.300947713062682,1.0721627383498646,0.39415087298145846,3.5297928973696737,1.473534744352937
-2.6884039171765624,-1.8252878352671513,0.4811223701558185,2.4662208115102575,-1.556682440251251
-0.9163152953866431,-0.8419080020127309,-0.5988340562588095,-1.0438174845717934,-2.1054486591545456
-2.477391155351102,-1.8098833285435312,-3.382565764046066,0.01682634314098186,-1.0188306512415
-2.349733385791054,-1.525271014260523,-1.9773387685670536,1.2488513997061221,-0.5729351344936215
-0.4379598137086652,-0.5294552899144634,1.9420409082832433,0.7905326979584766,-1.3077671765031873
-1.0575633925960575,-1.407772766265793,-1.6124561091264127,0.673691741017783,0.45103213819057386
-3.298586209821612,-2.7192861322879813,-1.5875819346946312,1.5617954961258513,1.0369456633438967
-1.8131588385601507,-0.9754701181635951,-0.31515646585602974,0.8904900659596718,-1.807822972617116
-2.5060878654659007,-0.4608347007001251,-0.6401701490943117,1.6885459184894294,-0.5076714679946962
-1.0676692668074266,-0.05364930742352397,-1.6738369476458113,-0.2518988649062901,-0.8314365699778251
0.6772766890920594,2.2777168090564057,1.8881787865982567,2.8352358938658107,1.3817645445426903
-1.793613147532955,0.4096456991946833,0.8329788296316415,3.020741181071199,-0.589241954255375
-0.4084849626721482,-2.127528949120814,-2.510058781291696,-0.7219148341550807,-2.143559737819668
-2.863015444394964,-1.0285720290450664,-0.8695636708619876,3.312035324187536,-1.4020691033996098
-1.1233205402112159,1.1625198320011154,0.29810621099218493,3.4703009421794064,0.37808224883797237
-0.3723072025325572,1.1686858960264488,-0.4278491562022494,1.5616033822783297,0.9435203106163257
-1.4999058582872216,1.4014334573729372,0.3391609964967331,4.058492200857195,1.6575469270607888
-0.5435112660758721,-2.9010914386226045,-1.0225103290374808,0.07639527910261346,-2.2072333976457004
0.44024720859278577,1.7886466915796864,1.7359842805534016,3.895410414101536,2.075472254613817
-1.6182294131268613,-1.747838980044834,-2.885594776236331,-1.4186380442768332,0.5616414884512368
0.5138832405242018,1.6164951950764062,2.2842800347544236,3.188037889335215,0.24463791455153122
-3.128644553854098,-2.3000324452180982,-0.7472549903960529,1.657282244051055,-2.270901077648639
-2.1660842702642134,-3.0592120887217384,-1.166392227226201,-0.8193940822909236,-2.7052444319953075
-0.06513732907928649,-0.45585866950004883,-1.0592310597874643,0.023400464365129325,1.1458943477682646
-1.6163171441345523,0.2577239893196161,-0.7461356899516753,1.8273770419239626,0.6322830954318271
-0.9063981166504002,0.14643213582845221,0.23048172840662373,2.3668818138328973,0.9545716825561984
-0.4918376517480977,-1.6999568784825474,-0.046500917108932754,-0.46935904501509795,-3.009604216092451
-1.991542131666379,-2.2584489975726245,-1.1483628354160431,0.508080230554657,-1.5708081894432073
0.387047762012074,0.46486952927482506,0.4396557830798369,0.2955620393326881,-0.034692758031550947
-0.17347681248136548,1.8695606120866417,0.9281788135304411,2.517171220103864,0.7191436180371025
-1.512569588982617,-1.3932706217530266,-1.6684844130406735,0.7394710328891296,-0.64454558346194
-2.608888231004128,1.1483201547116935,-0.26282869849724794,1.340035387791298,0.3287018150760157
-1.9472783504750615,0.2235326320352627,-0.5594142768998837,2.2650313839468765,1.6295470460161945
-1.4051357433057856,-0.11287501023020008,-0.2016982211283262,1.2970619163486539,0.37920667567436606
-0.538031888917062,0.5114638884039524,0.2291691275867383,3.0666636691614118,0.0803908249148795
0.30710874374582264,0.40519940782252434,0.1152137273157165,1.2129981283301952,-1.2341980485614696
-2.4387879762328515,-4.096056085472492,-2.827176818641019,-1.7397989314458366,-2.6882783276793796
-2.472218082059647,0.1968644899257625,-2.4886156318789925,-0.5002282566381957,1.6316622197877493
-0.2662523337873067,1.0855916382548343,-0.45147285526682973,1.5206418910037196,1.868486591553731
-1.4911458254453023,-0.15815939200320267,0.09437179143058777,0.8877237199187897,-0.9315725113439882
0.5482576530126237,1.6464077584237322,2.0670881575308684,2.891256531891495,-0.8196485163794424
0.23749853993580805,1.329708279844887,1.4564174558985274,2.6106858147736642,2.225627935229894
1.3722907299899993,2.1230842595027255,0.21187525705228094,0.6407360625540539,1.5637583480514656
-0.43989155591047713,0.8868371294474167,0.16813203743885458,2.6250868095780704,1.2634440420233197
0.5241843380551077,0.6281667167766679,1.1443202499447498,1.6924893869839597,-1.812661215263736
1.277547793740484,3.0950834103257936,0.8494322569519853,2.4450018839404346,2.7794478835960574
-1.2610857344369868,-0.5995414258499663,2.6094228519915315,1.0945444808554972,-2.380700195172408
0.1550854980543459,-1.11076987709618,-2.1107160119113972,0.7538661952893295,0.8173382311257115
-1.2001898823957868,-1.4299885419574636,-1.3012928026451185,-0.01997728030279622,-1.0871532828263188
0.6608292329970262,2.420085628911582,1.0830985152158004,2.9205126658469442,0.5313600588929759
0.01969018231962183,0.8512049213831553,-1.12349506497386,1.0079482018646029,0.17165700037416695
-2.071241496913763,-0.15565263145844632,-1.2175202376459922,2.3583809943846097,-0.9575026153952874
-2.8388141791870733,0.6418554048071466,0.11255067333481383,1.0723202573838175,0.8986387331387834
-0.043504969069470656,3.3687601655927795,1.2615083290213285,4.353270853854042,0.9001327595529084
-2.5264396130483764,-1.7487834175582853,-2.777600002521887,-0.8768211855010632,-2.816822732961616
0.11207984152472639,-0.49902774412341844,-1.4232556472734688,1.1008173123513845,-2.2172238025554565
-1.0382953479865231,1.0077641779022182,0.38189087950152745,1.5966808801415586,-1.1835488970654235
0.3215897950272508,2.1335183635236095,0.472997710223357,1.7565727299137983,0.7226744893949308
-3.4816274252071553,0.1349502867650272,-0.025798136785441517,1.2148656443123944,0.5150458426748291
-2.182858922675396,-3.130137154932018,-2.21804159574735,1.0537548430248398,-0.22854897647528963
-0.9793698390749824,-1.7592229301589506,-1.8637675196273826,-0.7077996277665315,-1.5441225193606671
-2.329144439360374,-0.4351290301015991,-1.140440323995724,2.0035161852821375,2.5563055186668797
-0.9297637238131146,-0.5622598389048815,2.2764160280260604,2.8201399356105146,0.0012977112400400503
-0.3197039743711404,-1.5921780710012712,0.8168475316819143,2.407142760806331,-0.313835045835387
0.1912392231557467,1.6643580471062296,2.132949251158669,3.061223687956754,-0.520940087635708
-0.0036022156529764704,0.4179575559380153,-0.9987127118998151,-1.4708407555038756,-0.8407529031825084
-0.3785725765375092,-0.1559321927478715,0.9852620842993284,0.5951351964792935,-1.3315166380163523
0.12337819323610533,2.4459872024987894,-0.5529374210742057,2.5288128047311584,1.358669782096699
-4.575273566426554,-2.0244346431047284,-3.095169201937908,0.6481771211421234,-1.2501275141007784
-2.219640588638348,0.9500349551461454,0.11315458730163963,3.7624760686067065,1.0325985007357459
0.18180770418420145,1.5433616122347176,1.606289608158061,2.6403569105874025,-0.7762435243714495
-0.9200398938699116,1.830491509673588,0.9685845145684792,2.9269330439780257,0.2747137924009677
-0.49041913442334717,1.2316624881169194,-0.3546297674491143,2.5809881839057485,0.7087087025335008
-0.6358967270187434,-0.4538913184976311,-1.2721474171411966,1.205834992013016,1.6212302590277652
-2.9283050577568357,1.1703806849644116,-0.12349346529917513,3.1302852668664203,0.24218555752941345
0.07632421983855164,0.21776525853349102,-0.695345678317533,-3.019312464341229,-3.3907893442935806
-1.6188248464519308,1.3113279848074142,2.5539335359006836,4.7790184677825875,-0.5963743854098456
-1.9101845760966807,-1.353647373339752,-0.6833401483778182,0.376839636892786,-1.6494440704100242
-0.8475384175456901,0.8784384264149399,-0.6180732789958414,2.3099735945551014,0.5357196896808364
-2.520885109935421,1.832545407604056,-1.859677949933436,3.2264599229279742,3.5279064446894624
0.22171141122623905,2.0333357991532544,1.6953567197855248,2.708998500920393,-1.126560505085713
-0.013315385181348227,0.7695054835302894,-0.49780967369678875,1.0010888864043814,0.2556613408886944
-1.0754778335450528,2.563864473806299e-4,2.7134354075623124,4.382555955946682,-0.9337328424722872
-0.9897975110562769,2.098180572787059,0.814341329771206,3.0547953138573867,0.17119002410069284
-0.30445482536666424,-2.127872709540534,-1.3393625128757298,-0.5121679049607286,0.062286536678596904
-2.4909055652049417,-0.5690651380405249,-2.0640121340082707,-0.6769524272695782,-2.5190039339263954
-1.4759831515858692,0.2051162294346614,0.5393411516431311,3.6386716645614356,1.345351157490693
-1.1721762058124625,-0.38389699580119296,0.21437159858383525,2.0673308038156475,1.7529464295189874
1.0013167012685418,1.8652376568252347,2.0899816620939493,1.7449615527156537,0.5743167188555909
-0.23677693341532868,0.8365998681375131,-0.7404544120399316,1.4065036160289641,1.0526466718915957
-2.3823340552348,-0.835005672323616,-0.7865003803170209,2.790881241267921,0.12016845084890507
-0.09924345007471758,1.2310096543666216,-0.45955541568673475,0.0868358717860227,-0.45798607296848526
-1.243423464894206,-0.37582689884052556,-0.07690562446469845,3.3092542467641244,0.9402569269134621
-0.7388201087957285,1.4457273305833125,0.4163182856046267,1.9448443506205426,1.6492410440879843
-2.67503656413445,-0.5209760288519524,0.052566929839990395,2.8488208453939627,0.5091540318799234
0.36536407424832196,3.0343594403751606,1.8252764339622658,3.1027309841736823,2.224820194854898
1.0092232633418161,1.6937224877357555,-0.26084173375111064,0.879142315693446,2.260292011981675
-0.7814180652434305,-0.354753861410368,-1.0154155350520355,-0.18188218782143117,-0.24044865964705017
-1.6752573600445682,0.4516146500257613,-0.0207314711810751,3.808529790343414,2.4136193316579133
1.4567046852736316,3.8693194677839893,1.7885656762480666,3.8146852022645374,2.536264936023964
-0.3726187121447577,2.5417714079590032,-0.3220689520531981,3.633487083244731,3.584341466720723
-1.5960284423493425,-2.6256301784948097,-1.2038178976430642,0.7816423263365447,-1.5121716375200656
-1.1527553222529483,-2.1475947980683903,-0.739388447266715,-1.5484684182414468,-2.3650350825697797
0.3486394879242234,2.4080598400131983,2.0083082965327534,3.712163630342749,1.5196280334500551
-1.381635585775085,-0.496797230747831,-1.2323312453607111,1.861104759310429,-0.42836618309444485
0.057724074470686615,0.8043875674025585,0.2692811537425189,1.7711993151566485,0.03088309597318592
0.10234775471802271,1.3094287652774366,1.2695264456531894,1.459781166748159,-0.3313357877058981
-2.4534022284131654,0.08283247088815665,-0.7465640074585743,1.3716499508238518,-0.5611286739562129
-2.1937167670571815,0.022084278212602365,-1.1924817887909942,0.9815124219060437,0.9116734356820374
-1.3103816129896884,-0.6013581355311743,0.36269449223629624,2.6009785180952223,2.2970809479805694
-0.24528859826408034,2.120534632363004,-1.035288498831663,1.7159306389769475,2.0391695062634336
0.310289279599276,0.42712443094034813,-0.15671284677719788,2.2084124451751785,-0.016401911510060013
-0.16249937121851066,1.8693797918755024,-1.7415810365483688,2.0352869235042266,2.1994635492947605
-0.2666337648715894,2.961392908338857,1.652377982875291,3.38617083529227,0.1916213043956141
-3.2865217365654997,-2.379914063248221,-0.5768849503314084,3.1239517280779863,-2.0423285896262118
-0.38860250576840916,0.35030718740455796,0.7334350436265934,4.264411730746604,3.0305696700287736
0.03989034422482951,2.3053530901170345,0.0392119200206249,1.5662803680080997,0.2238090892324484
0.026829493706503893,1.9084920593532417,-0.3213676674690358,1.2618346378924779,0.16018036799198418
2.6119284953723465,1.7744321737951014,2.220803054482205,1.2677836919441945,-0.33741306563820006
-0.46233466973391335,1.0211353733374433,0.2933864852651952,3.500456326216269,0.6257760447475982
-1.8061584859705584,-1.1580035752609135,-0.5031058106225427,0.7886192958034769,-2.1249058903012625
-0.9912563119908697,-1.6446910540756963,-0.7154807741779836,2.060442106393233,-1.0415331665450407
-2.862198217562449,-2.2035255503784903,-2.3704184127262806,0.8252832167246988,0.21647918417148698
-0.6532681651159735,-1.8416921504908972,-1.0140541637372613,1.4579697570411523,-2.178876257916782
0.49904237215406844,0.9093938501306698,0.5459577886284729,2.1513308146937034,2.4770102121577593
-2.0093982102575203,-0.48826202045425493,-0.6445965949252167,0.7567599837266521,-0.8232873972395373
-1.0796789143460845,1.9874147610168031,2.1056602650266054,4.095971417347449,1.355859013034399
-1.7619914887587724,-1.369859369911127,-0.4250849843024853,-0.5289033027353096,-1.3100797546176721
-2.432582291642708,-3.2752946831692658,0.18485636330684385,1.6646849154364882,-2.731246869927431
-1.383980931822744,0.5807366437512458,0.18457721448602116,1.242425274114519,0.5128891248468765
0.03323283672467525,1.4359952377102916,0.8066364728867433,1.6996212664942938,-0.004410869757513897
-1.4905697329747507,0.4219513410645346,-0.2108728983596465,0.8348442004441612,1.088858875862663
-1.7836842361127645,0.7984280267544831,-0.6282279487683625,0.2546725481292442,0.401161774370167
0.16955100658143474,1.2985969452088457,0.5939172957085989,2.107241931145454,1.9786326727221537
-2.1846789249385417,-1.363824682892485,-2.478428930897717,0.6938772958273214,0.4074723401089986
-0.37625131484485874,0.2512761085233662,-3.66562401996692,0.33602045633929034,0.8166543926090418
-1.1287260869773248,-1.4608960370149466,-0.7522200973401941,1.2342413445019036,-1.6005632867077046
-1.9576381330789623,0.6390861676026431,0.3851609667132224,3.3332397299435055,-0.23277149565827085
-1.306973871122412,-0.509919788951101,0.1568832856845297,1.834779429469098,1.059539737187447
-0.8893002802842755,0.056918118128650774,-2.4425848836420405,0.3567148731805454,0.39697330765253136
-3.8097192488429217,0.2968507477743783,-2.585440636401531,2.3209815371452334,3.3545204998156066
-2.2035433210226354,-0.8933714829204636,-0.930834317619171,1.2621970672208924,-0.9872403681061209
-2.144116870743704,-1.1790820499137875,-0.08734423816939876,1.9427729162886367,-0.2525531301002505
0.0531129392920664,-0.2970977738189078,-0.7664191746995065,0.8765815678271608,0.4505049027610648
-0.16869443213198443,0.6170550519964599,1.6767918780659539,0.8923782732518635,-0.9991099747210804
0.5988007254658885,-0.8189521840965938,1.5892407580331875,1.0751110827734214,-3.0166406365966405
-0.17968554353098798,2.1488807563860344,2.0819527107873044,3.7615145876921314,0.9238726178421964
0.533187728384187,0.5173151307900424,3.265701809390243,2.893535378326643,-2.1130191385965045
-1.3078354769773266,-0.6875954796047666,-2.176260119346619,0.38112224484411916,1.2032799470504674
-0.8901648997581558,2.6718496543383483,1.7097918337291018,5.163432052748626,1.6644439636832422
-2.780752769606316,-2.2308641954664425,-0.030895127522481303,2.6504051783828624,-1.3707686651546247
0.9459166784117206,0.5534089191920144,0.4921533859917512,0.9221569431625947,-2.5687997918172045
0.5587712811080192,1.5936850089858692,0.3773494640940189,2.294392071710843,1.7510559279155922
-1.1506103398803442,-1.4346329540983258,-0.9860932191853747,1.709922226042397,-0.21328836597131565
-1.8637718852914436,0.3552719369052175,-0.34841889770235135,0.9883157303668315,1.1436161974497716
-0.3668827611126775,1.8067162933891923,1.8033498008552167,1.5857635310769502,1.4652915384048333
-0.4660376738032319,1.2508219843238384,-0.11068414121620784,2.6584142535753834,1.1845459747927636
0.4286194330047499,1.4473264629969678,0.3218352872746358,3.0278637589563724,1.0182340214151917
-3.0170329975904364,-3.0017897707407775,-1.3729428313924044,-0.7459459850808903,-2.3483114679779216
-0.8937617595920222,1.999752807022718,1.9410467155822917,2.6563369185574985,0.780456737585159
-1.1980372756829603,2.852049853474831,1.9038237038524177,5.009974249368624,2.76728152164923
-0.2170284588332847,-1.9688230792668477,-0.13594362875963736,-0.14477156280638237,-1.4080051330103003
-2.695374094551357,-1.4112289187117208,-1.0435412370129367,1.3362901177395625,-1.1161825193197576
-3.4042909146946227,-0.17292480338079075,-1.715901660328015,1.999317369824722,1.3919516424968483
-3.197069755625993,-1.5815940225557226,-0.9117150636760724,2.1832071851692305,-0.9903789182862582
-2.0536211770868213,-0.8550365375790013,-1.8549346114728937,0.8811477358031649,-0.6656479742888775
